index,sigma,cumulative_sigma,cumulative_energy
1,1.113112020477e+03,2.318979263294e-01,9.249164954681e-01
2,1.567377965027e+02,2.645515760230e-01,9.432553520198e-01
3,1.288776455093e+02,2.914010378867e-01,9.556541609114e-01
4,9.301364672378e+01,3.107788465876e-01,9.621124595463e-01
5,7.811193989575e+01,3.270521385386e-01,9.666671579696e-01
6,6.303635806364e+01,3.401846898447e-01,9.696334028870e-01
7,5.595016772887e+01,3.518409541159e-01,9.719702352852e-01
8,4.892047292136e+01,3.620327012328e-01,9.737567478421e-01
9,4.258747091219e+01,3.709050752710e-01,9.751106537378e-01
10,3.704863233416e+01,3.786235266520e-01,9.761352886288e-01
11,3.594674243623e+01,3.861124180447e-01,9.770998810810e-01
12,3.137883190380e+01,3.926496630976e-01,9.778348996736e-01
13,3.103428118421e+01,3.991151268778e-01,9.785538653556e-01
14,2.965776533299e+01,4.052938170310e-01,9.792104664898e-01
15,2.955525410914e+01,4.114511507170e-01,9.798625364221e-01
16,2.841587217703e+01,4.173711135882e-01,9.804652996647e-01
17,2.748612264276e+01,4.230973789833e-01,9.810292641287e-01
18,2.717108054516e+01,4.287580107244e-01,9.815803745194e-01
19,2.537914898732e+01,4.340453240531e-01,9.820611904960e-01
20,2.454105619178e+01,4.391580350256e-01,9.825107749435e-01
21,2.399837827133e+01,4.441576882986e-01,9.829406958538e-01
22,2.329186840442e+01,4.490101522771e-01,9.833456757223e-01
23,2.285260197668e+01,4.537711025787e-01,9.837355244226e-01
24,2.198136676799e+01,4.583505458670e-01,9.840962144750e-01
25,2.190858618834e+01,4.629148265615e-01,9.844545199831e-01
26,2.117599955859e+01,4.673264853122e-01,9.847892638417e-01
27,2.096532246767e+01,4.716942530801e-01,9.851173801926e-01
28,2.015206820846e+01,4.758925931778e-01,9.854205346990e-01
29,1.956897788557e+01,4.799694563403e-01,9.857063997509e-01
30,1.936381467870e+01,4.840035772439e-01,9.859863021460e-01
31,1.916438287755e+01,4.879961499292e-01,9.862604686898e-01
32,1.892576944638e+01,4.919390115712e-01,9.865278505066e-01
33,1.856778801193e+01,4.958072938800e-01,9.867852129184e-01
34,1.836144741270e+01,4.996325886401e-01,9.870368870657e-01
35,1.807129332369e+01,5.033974347390e-01,9.872806699718e-01
36,1.776282489867e+01,5.070980166966e-01,9.875162013910e-01
37,1.724871118645e+01,5.106914918207e-01,9.877382960325e-01
38,1.687007101763e+01,5.142060837163e-01,9.879507469452e-01
39,1.670764730250e+01,5.176868373979e-01,9.881591266301e-01
40,1.633406553952e+01,5.210897616835e-01,9.883582917890e-01
41,1.610968916589e+01,5.244459409742e-01,9.885520227806e-01
42,1.575690747189e+01,5.277286242091e-01,9.887373617522e-01
43,1.553254554079e+01,5.309645654578e-01,9.889174602336e-01
44,1.528288511078e+01,5.341484942092e-01,9.890918156631e-01
45,1.522403216980e+01,5.373201619530e-01,9.892648308258e-01
46,1.486078594496e+01,5.404161535341e-01,9.894296881843e-01
47,1.433592527436e+01,5.434027993361e-01,9.895831061560e-01
48,1.420257296913e+01,5.463616634572e-01,9.897336832246e-01
49,1.393881966167e+01,5.492655790699e-01,9.898787195466e-01
50,1.392840493290e+01,5.521673249514e-01,9.900235392148e-01
51,1.382884481785e+01,5.550483291790e-01,9.901662959430e-01
52,1.361016820537e+01,5.578837758598e-01,9.903045735212e-01
53,1.349308311657e+01,5.606948298570e-01,9.904404821938e-01
54,1.338204611616e+01,5.634827511868e-01,9.905741632364e-01
55,1.317838281905e+01,5.662282427383e-01,9.907038062202e-01
56,1.303401241528e+01,5.689436571757e-01,9.908306242611e-01
57,1.296688211878e+01,5.716450861595e-01,9.909561393405e-01
58,1.276313459331e+01,5.743040678174e-01,9.910777409933e-01
59,1.273538522730e+01,5.769572683677e-01,9.911988144528e-01
60,1.247851431012e+01,5.795569542384e-01,9.913150530988e-01
61,1.228337324646e+01,5.821159857930e-01,9.914276846529e-01
62,1.214963471261e+01,5.846471552024e-01,9.915378769461e-01
63,1.204339540652e+01,5.871561914624e-01,9.916461505693e-01
64,1.191493993034e+01,5.896384662122e-01,9.917521268062e-01
65,1.184741639460e+01,5.921066735837e-01,9.918569052839e-01
66,1.177455490102e+01,5.945597015043e-01,9.919603989515e-01
67,1.170684347721e+01,5.969986229033e-01,9.920627057285e-01
68,1.162513607109e+01,5.994205219563e-01,9.921635893977e-01
69,1.150498089875e+01,6.018173887260e-01,9.922623984158e-01
70,1.127311638250e+01,6.041659504739e-01,9.923572648902e-01
71,1.120534076548e+01,6.065003923265e-01,9.924509940915e-01
72,1.116535540594e+01,6.088265039108e-01,9.925440555560e-01
73,1.103141172487e+01,6.111247106109e-01,9.926348976147e-01
74,1.101762372038e+01,6.134200448152e-01,9.927255127309e-01
75,1.087529606831e+01,6.156857274779e-01,9.928138018040e-01
76,1.086289616144e+01,6.179488268313e-01,9.929018896592e-01
77,1.073723523520e+01,6.201857468715e-01,9.929879513185e-01
78,1.065551967522e+01,6.224056428668e-01,9.930727080207e-01
79,1.046104769440e+01,6.245850239380e-01,9.931543991959e-01
80,1.039843249750e+01,6.267513601997e-01,9.932351153635e-01
81,1.032410756923e+01,6.289022121288e-01,9.933146817841e-01
82,1.030134719766e+01,6.310483223222e-01,9.933938977696e-01
83,1.018126263031e+01,6.331694149417e-01,9.934712776511e-01
84,1.007348558395e+01,6.352680540498e-01,9.935470279443e-01
85,9.978928362440e+00,6.373469937716e-01,9.936213628148e-01
86,9.960582053504e+00,6.394221113526e-01,9.936954246065e-01
87,9.894473053224e+00,6.414834562495e-01,9.937685065553e-01
88,9.837775515750e+00,6.435329891805e-01,9.938407533521e-01
89,9.781018047296e+00,6.455706976598e-01,9.939121689209e-01
90,9.682118422231e+00,6.475878020871e-01,9.939821475709e-01
91,9.676668274819e+00,6.496037710690e-01,9.940520474599e-01
92,9.613572352572e+00,6.516065950905e-01,9.941210387678e-01
93,9.512476421744e+00,6.535883574970e-01,9.941885866856e-01
94,9.446652325544e+00,6.555564065745e-01,9.942552030064e-01
95,9.353602120867e+00,6.575050702271e-01,9.943205134395e-01
96,9.243838636705e+00,6.594308665277e-01,9.943843000450e-01
97,9.155017726478e+00,6.613381585048e-01,9.944468667319e-01
98,9.123292764120e+00,6.632388411265e-01,9.945090005444e-01
99,9.062484510278e+00,6.651268553844e-01,9.945703088529e-01
100,8.953474175522e+00,6.669921591962e-01,9.946301511079e-01
101,8.922413896153e+00,6.688509921279e-01,9.946895788884e-01
102,8.847417362620e+00,6.706942008095e-01,9.947480118380e-01
103,8.827730770026e+00,6.725333081250e-01,9.948061850359e-01
104,8.700626170790e+00,6.743459353625e-01,9.948626950998e-01
105,8.677776147984e+00,6.761538021871e-01,9.949189087342e-01
106,8.623009058345e+00,6.779502592216e-01,9.949744150580e-01
107,8.573325410011e+00,6.797363655144e-01,9.950292835969e-01
108,8.470960505736e+00,6.815011458232e-01,9.950828497050e-01
109,8.436395854476e+00,6.832587251758e-01,9.951359795659e-01
110,8.414673753484e+00,6.850117790988e-01,9.951888361806e-01
111,8.313331205526e+00,6.867437200284e-01,9.952404272994e-01
112,8.253949522918e+00,6.884632897960e-01,9.952912840252e-01
113,8.193208789673e+00,6.901702052666e-01,9.953413949969e-01
114,8.106522951893e+00,6.918590612197e-01,9.953904512092e-01
115,8.060140881066e+00,6.935382542586e-01,9.954389476700e-01
116,7.985705183257e+00,6.952019398879e-01,9.954865525336e-01
117,7.845035045127e+00,6.968363192904e-01,9.955324950263e-01
118,7.824008894946e+00,6.984663182527e-01,9.955781915803e-01
119,7.814282380104e+00,7.000942908614e-01,9.956237745884e-01
120,7.739505392844e+00,7.017066849586e-01,9.956684893782e-01
121,7.691397303438e+00,7.033090565551e-01,9.957126500093e-01
122,7.653577288100e+00,7.049035489956e-01,9.957563774162e-01
123,7.627485153750e+00,7.064926055844e-01,9.957998071854e-01
124,7.597611629997e+00,7.080754385335e-01,9.958428974300e-01
125,7.580639798644e+00,7.096547356907e-01,9.958857953764e-01
126,7.484219676322e+00,7.112139453580e-01,9.959276090026e-01
127,7.478929647529e+00,7.127720529380e-01,9.959693635399e-01
128,7.419170942476e+00,7.143177108097e-01,9.960104534825e-01
129,7.360200901262e+00,7.158510832781e-01,9.960508928279e-01
130,7.306721135085e+00,7.173733141482e-01,9.960907466378e-01
131,7.258434852903e+00,7.188854853941e-01,9.961300754424e-01
132,7.208557165599e+00,7.203872654735e-01,9.961688655936e-01
133,7.167013584879e+00,7.218803906556e-01,9.962072099308e-01
134,7.130434661387e+00,7.233658952422e-01,9.962451638640e-01
135,7.110944306961e+00,7.248473393455e-01,9.962829105939e-01
136,7.093422567071e+00,7.263251330928e-01,9.963204715332e-01
137,7.020528793000e+00,7.277877406641e-01,9.963572644679e-01
138,7.000031567236e+00,7.292460779876e-01,9.963938428739e-01
139,6.978012833468e+00,7.306998280830e-01,9.964301915257e-01
140,6.846143280596e+00,7.321261054036e-01,9.964651793348e-01
141,6.770801870738e+00,7.335366866250e-01,9.964994013035e-01
142,6.754037971791e+00,7.349437753737e-01,9.965334540210e-01
143,6.731329134257e+00,7.363461331229e-01,9.965672781353e-01
144,6.720789102680e+00,7.377462950361e-01,9.966009964076e-01
145,6.700579330393e+00,7.391422465876e-01,9.966345121996e-01
146,6.657656195374e+00,7.405292558351e-01,9.966675999703e-01
147,6.603529748732e+00,7.419049887595e-01,9.967001519239e-01
148,6.586288610973e+00,7.432771297867e-01,9.967325341197e-01
149,6.563663743553e+00,7.446445573081e-01,9.967646942224e-01
150,6.521755731954e+00,7.460032540093e-01,9.967964449613e-01
151,6.481585450081e+00,7.473535819166e-01,9.968278057721e-01
152,6.461275241335e+00,7.486996785379e-01,9.968589703510e-01
153,6.410815263536e+00,7.500352626825e-01,9.968896500648e-01
154,6.388873701325e+00,7.513662756764e-01,9.969201201301e-01
155,6.357941070548e+00,7.526908443836e-01,9.969502958595e-01
156,6.292291290480e+00,7.540017360776e-01,9.969798516390e-01
157,6.248905510011e+00,7.553035890834e-01,9.970090012454e-01
158,6.238280382762e+00,7.566032285249e-01,9.970380518089e-01
159,6.181322806080e+00,7.578910018256e-01,9.970665743114e-01
160,6.149564997261e+00,7.591721589279e-01,9.970948044865e-01
161,6.120921997310e+00,7.604473487491e-01,9.971227722971e-01
162,6.104675348122e+00,7.617191538578e-01,9.971505918359e-01
163,6.044656015257e+00,7.629784549609e-01,9.971778670370e-01
164,6.017127505569e+00,7.642320209681e-01,9.972048943710e-01
165,5.950887522575e+00,7.654717870032e-01,9.972313299157e-01
166,5.910584845700e+00,7.667031566622e-01,9.972574086009e-01
167,5.853820327983e+00,7.679227004010e-01,9.972829887785e-01
168,5.830467074305e+00,7.691373788873e-01,9.973083652640e-01
169,5.793307501989e+00,7.703443158097e-01,9.973334193141e-01
170,5.766794530377e+00,7.715457292062e-01,9.973582445701e-01
171,5.715310034483e+00,7.727364166850e-01,9.973826285374e-01
172,5.703256497129e+00,7.739245930147e-01,9.974069097621e-01
173,5.684752997103e+00,7.751089144554e-01,9.974310336875e-01
174,5.657701176610e+00,7.762876001101e-01,9.974549285641e-01
175,5.639403935527e+00,7.774624738464e-01,9.974786691365e-01
176,5.613922022511e+00,7.786320388602e-01,9.975021956478e-01
177,5.591744509090e+00,7.797969835669e-01,9.975255366457e-01
178,5.581078120414e+00,7.809597061132e-01,9.975487886814e-01
179,5.534074957611e+00,7.821126363513e-01,9.975716507148e-01
180,5.516009219337e+00,7.832618029006e-01,9.975943637276e-01
181,5.472080212971e+00,7.844018175899e-01,9.976167164122e-01
182,5.461995985518e+00,7.855397314021e-01,9.976389867873e-01
183,5.419866770405e+00,7.866688683101e-01,9.976609149377e-01
184,5.404121310146e+00,7.877947249197e-01,9.976827158646e-01
185,5.385429886819e+00,7.889166874896e-01,9.977043662450e-01
186,5.352050800606e+00,7.900316960956e-01,9.977257490775e-01
187,5.307881023093e+00,7.911375026809e-01,9.977467804269e-01
188,5.285369931404e+00,7.922386194638e-01,9.977676337638e-01
189,5.271869757139e+00,7.933369237154e-01,9.977883807073e-01
190,5.241291973421e+00,7.944288576066e-01,9.978088876768e-01
191,5.232318094347e+00,7.955189219431e-01,9.978293244845e-01
192,5.190669354688e+00,7.966003094741e-01,9.978494372370e-01
193,5.175009549263e+00,7.976784345515e-01,9.978694288157e-01
194,5.160699245617e+00,7.987535783209e-01,9.978893099830e-01
195,5.122853709490e+00,7.998208376176e-01,9.979089006258e-01
196,5.072908560204e+00,8.008776916933e-01,9.979281111338e-01
197,5.039843265672e+00,8.019276571782e-01,9.979470720291e-01
198,5.018712588583e+00,8.029732204466e-01,9.979658742621e-01
199,4.981843424554e+00,8.040111026527e-01,9.979844012546e-01
200,4.949573443151e+00,8.050422619579e-01,9.980026890067e-01
201,4.936416641986e+00,8.060706802677e-01,9.980208796641e-01
202,4.916751132366e+00,8.070950016037e-01,9.980389256757e-01
203,4.903346896261e+00,8.081165303954e-01,9.980568734260e-01
204,4.882873579094e+00,8.091337939203e-01,9.980746716120e-01
205,4.859497076091e+00,8.101461873490e-01,9.980922997901e-01
206,4.847769018589e+00,8.111561374367e-01,9.981098429821e-01
207,4.829937616220e+00,8.121623726555e-01,9.981272573543e-01
208,4.817097888189e+00,8.131659329358e-01,9.981445792621e-01
209,4.810129655344e+00,8.141680415034e-01,9.981618510917e-01
210,4.791724506688e+00,8.151663156718e-01,9.981789909987e-01
211,4.756442635267e+00,8.161572394635e-01,9.981958794298e-01
212,4.728283401730e+00,8.171422967585e-01,9.982125684861e-01
213,4.724575046224e+00,8.181265814808e-01,9.982292313744e-01
214,4.705716901163e+00,8.191069374299e-01,9.982457615083e-01
215,4.682877416886e+00,8.200825351615e-01,9.982621315716e-01
216,4.659624834066e+00,8.210532886137e-01,9.982783394691e-01
217,4.638002432186e+00,8.220195374067e-01,9.982943972942e-01
218,4.617465232476e+00,8.229815076241e-01,9.983103132252e-01
219,4.606643681020e+00,8.239412233556e-01,9.983261546421e-01
220,4.583556560999e+00,8.248961292790e-01,9.983418376719e-01
221,4.573609318629e+00,8.258489628638e-01,9.983574527050e-01
222,4.529946659520e+00,8.267927000775e-01,9.983727710186e-01
223,4.512391855752e+00,8.277327800469e-01,9.983879708367e-01
224,4.497710547706e+00,8.286698014159e-01,9.984030719090e-01
225,4.476803524569e+00,8.296024671628e-01,9.984180329168e-01
226,4.461809255248e+00,8.305320091091e-01,9.984328938738e-01
227,4.456387469071e+00,8.314604215186e-01,9.984477187361e-01
228,4.423701389176e+00,8.323820243402e-01,9.984623269254e-01
229,4.400679058800e+00,8.332988308515e-01,9.984767834591e-01
230,4.370299674407e+00,8.342093083356e-01,9.984910410850e-01
231,4.360178299325e+00,8.351176772036e-01,9.985052327476e-01
232,4.337743989206e+00,8.360213722654e-01,9.985192787459e-01
233,4.327945270317e+00,8.369230259309e-01,9.985332613577e-01
234,4.290135662754e+00,8.378168026089e-01,9.985470007281e-01
235,4.278533904710e+00,8.387081622582e-01,9.985606658885e-01
236,4.223306660265e+00,8.395880162520e-01,9.985739805465e-01
237,4.215712548398e+00,8.404662881420e-01,9.985872473641e-01
238,4.193532294839e+00,8.413399391540e-01,9.986003749469e-01
239,4.177763329153e+00,8.422103049707e-01,9.986134039877e-01
240,4.155196610150e+00,8.430759693958e-01,9.986262926527e-01
241,4.129018359994e+00,8.439361800286e-01,9.986390194289e-01
242,4.120405997784e+00,8.447945964224e-01,9.986516931692e-01
243,4.093377241713e+00,8.456473818354e-01,9.986642011821e-01
244,4.052938829508e+00,8.464917425940e-01,9.986764632827e-01
245,4.035230914682e+00,8.473324142103e-01,9.986886184675e-01
246,4.028930678726e+00,8.481717732798e-01,9.987007357259e-01
247,4.014063015514e+00,8.490080349249e-01,9.987127637185e-01
248,4.002486886888e+00,8.498418848809e-01,9.987247224362e-01
249,3.984845762681e+00,8.506720596091e-01,9.987365759692e-01
250,3.965645461165e+00,8.514982342816e-01,9.987483155489e-01
251,3.957391623205e+00,8.523226894076e-01,9.987600063114e-01
252,3.944438159606e+00,8.531444459002e-01,9.987716206661e-01
253,3.917887701216e+00,8.539606710570e-01,9.987830791919e-01
254,3.883583213616e+00,8.547697494583e-01,9.987943379376e-01
255,3.872137290184e+00,8.555764432964e-01,9.988055304162e-01
256,3.853469521748e+00,8.563792480230e-01,9.988166152360e-01
257,3.846742191163e+00,8.571806512249e-01,9.988276613861e-01
258,3.792344098643e+00,8.579707215109e-01,9.988383973304e-01
259,3.785896268458e+00,8.587594485014e-01,9.988490967988e-01
260,3.771761002814e+00,8.595452306500e-01,9.988597165199e-01
261,3.758664086159e+00,8.603282842792e-01,9.988702626181e-01
262,3.737705637612e+00,8.611069715727e-01,9.988806914333e-01
263,3.723468188012e+00,8.618826927362e-01,9.988910409501e-01
264,3.718533736641e+00,8.626573858907e-01,9.989013630541e-01
265,3.697743208391e+00,8.634277476929e-01,9.989115700579e-01
266,3.686444239854e+00,8.641957555475e-01,9.989217147791e-01
267,3.680057860982e+00,8.649624329088e-01,9.989318243815e-01
268,3.658879537479e+00,8.657246981273e-01,9.989418179594e-01
269,3.642883854147e+00,8.664836309176e-01,9.989517243496e-01
270,3.636444711106e+00,8.672412222221e-01,9.989615957497e-01
271,3.619778430628e+00,8.679953413911e-01,9.989713768735e-01
272,3.595355995222e+00,8.687443725617e-01,9.989810264572e-01
273,3.569513377154e+00,8.694880198631e-01,9.989905378213e-01
274,3.563941004402e+00,8.702305062555e-01,9.990000195122e-01
275,3.554419224628e+00,8.709710089474e-01,9.990094506063e-01
276,3.524785356516e+00,8.717053379277e-01,9.990187250983e-01
277,3.518313107324e+00,8.724383185251e-01,9.990279655617e-01
278,3.512381232729e+00,8.731700633175e-01,9.990371748925e-01
279,3.496267254350e+00,8.738984510370e-01,9.990462999167e-01
280,3.488261512712e+00,8.746251708967e-01,9.990553831999e-01
281,3.472527721712e+00,8.753486128890e-01,9.990643847276e-01
282,3.450753224567e+00,8.760675185358e-01,9.990732737210e-01
283,3.445868162847e+00,8.767854064632e-01,9.990821375648e-01
284,3.425740692375e+00,8.774991011751e-01,9.990908981628e-01
285,3.417451069877e+00,8.782110688853e-01,9.990996164142e-01
286,3.411017134791e+00,8.789216961947e-01,9.991083018694e-01
287,3.385108975424e+00,8.796269259806e-01,9.991168558860e-01
288,3.367570741499e+00,8.803285019741e-01,9.991253214955e-01
289,3.357780796247e+00,8.810280383994e-01,9.991337379555e-01
290,3.332319114550e+00,8.817222703170e-01,9.991420272572e-01
291,3.307416370222e+00,8.824113141722e-01,9.991501931284e-01
292,3.290239238259e+00,8.830967794645e-01,9.991582744005e-01
293,3.279092277268e+00,8.837799224773e-01,9.991663010086e-01
294,3.269982460402e+00,8.844611676151e-01,9.991742830803e-01
295,3.249515964944e+00,8.851381489071e-01,9.991821655467e-01
296,3.234052758307e+00,8.858119087035e-01,9.991899731724e-01
297,3.218974833126e+00,8.864825272711e-01,9.991977081657e-01
298,3.192845173475e+00,8.871477021692e-01,9.992053180928e-01
299,3.186353066435e+00,8.878115245474e-01,9.992128971044e-01
300,3.169760525348e+00,8.884718901524e-01,9.992203973880e-01
301,3.166398752337e+00,8.891315553892e-01,9.992278817708e-01
302,3.137375556164e+00,8.897851741376e-01,9.992352295787e-01
303,3.125414304533e+00,8.904363009629e-01,9.992425214664e-01
304,3.115089762469e+00,8.910852768458e-01,9.992497652574e-01
305,3.103116229942e+00,8.917317582472e-01,9.992569534692e-01
306,3.083368731343e+00,8.923741255936e-01,9.992640504839e-01
307,3.076557356860e+00,8.930150739063e-01,9.992711161777e-01
308,3.072794465238e+00,8.936552382845e-01,9.992781645982e-01
309,3.050159234105e+00,8.942906869980e-01,9.992851095591e-01
310,3.027519025797e+00,8.949214190098e-01,9.992919518028e-01
311,3.014347368795e+00,8.955494069312e-01,9.992987346398e-01
312,3.009328930909e+00,8.961763493466e-01,9.993054949107e-01
313,2.988724758240e+00,8.967989992336e-01,9.993121629265e-01
314,2.963744605225e+00,8.974164449313e-01,9.993187199438e-01
315,2.960341368430e+00,8.980331816227e-01,9.993252619111e-01
316,2.940323906896e+00,8.986457480169e-01,9.993317157056e-01
317,2.931423172370e+00,8.992564600947e-01,9.993381304863e-01
318,2.925778094392e+00,8.998659961167e-01,9.993445205847e-01
319,2.921562947860e+00,9.004746539847e-01,9.993508922840e-01
320,2.902516848874e+00,9.010793439225e-01,9.993571811781e-01
321,2.899012635515e+00,9.016833038171e-01,9.993634548961e-01
322,2.881907499360e+00,9.022837001480e-01,9.993696547985e-01
323,2.878512308222e+00,9.028833891486e-01,9.993758401013e-01
324,2.873202582851e+00,9.034819719585e-01,9.993820026062e-01
325,2.859763549986e+00,9.040777549748e-01,9.993881075972e-01
326,2.853558281816e+00,9.046722452292e-01,9.993941861232e-01
327,2.845923320199e+00,9.052651448694e-01,9.994002321653e-01
328,2.832474903579e+00,9.058552427611e-01,9.994062212012e-01
329,2.818315861139e+00,9.064423908575e-01,9.994121505106e-01
330,2.808683932865e+00,9.070275323058e-01,9.994180393609e-01
331,2.790859952486e+00,9.076089604314e-01,9.994238537069e-01
332,2.776975710124e+00,9.081874960116e-01,9.994296103452e-01
333,2.768366237094e+00,9.087642379548e-01,9.994353313441e-01
334,2.759027285952e+00,9.093390342867e-01,9.994410138091e-01
335,2.750719385249e+00,9.099120998089e-01,9.994466621039e-01
336,2.735815120706e+00,9.104820602816e-01,9.994522493561e-01
337,2.720948799856e+00,9.110489236096e-01,9.994577760513e-01
338,2.715206130484e+00,9.116145905502e-01,9.994632794426e-01
339,2.698598907757e+00,9.121767976589e-01,9.994687157181e-01
340,2.686890774978e+00,9.127365655776e-01,9.994741049244e-01
341,2.679415038206e+00,9.132947760539e-01,9.994794641835e-01
342,2.660762157607e+00,9.138491005203e-01,9.994847490850e-01
343,2.657205169641e+00,9.144026839489e-01,9.994900198658e-01
344,2.636601562854e+00,9.149519749670e-01,9.994952092257e-01
345,2.620498344400e+00,9.154979111539e-01,9.995003353904e-01
346,2.603508433852e+00,9.160403077823e-01,9.995053953000e-01
347,2.597211877653e+00,9.165813926306e-01,9.995104307645e-01
348,2.590074490741e+00,9.171209905258e-01,9.995154385912e-01
349,2.580813608066e+00,9.176586590739e-01,9.995204106706e-01
350,2.575176267805e+00,9.181951531783e-01,9.995253610525e-01
351,2.565753014994e+00,9.187296841084e-01,9.995302752711e-01
352,2.542543543538e+00,9.192593797406e-01,9.995351009851e-01
353,2.530454193189e+00,9.197865567625e-01,9.995398809174e-01
354,2.523805569605e+00,9.203123486570e-01,9.995446357646e-01
355,2.507483109855e+00,9.208347400451e-01,9.995493293077e-01
356,2.504384778252e+00,9.213564859486e-01,9.995540112590e-01
357,2.485531506869e+00,9.218743040942e-01,9.995586229832e-01
358,2.475111864183e+00,9.223899514847e-01,9.995631961226e-01
359,2.460551063692e+00,9.229025653806e-01,9.995677156138e-01
360,2.459320467930e+00,9.234149229027e-01,9.995722305855e-01
361,2.448770666701e+00,9.239250825535e-01,9.995767069043e-01
362,2.442594097664e+00,9.244339554214e-01,9.995811606702e-01
363,2.416968008353e+00,9.249374895301e-01,9.995855214743e-01
364,2.401894576500e+00,9.254378833461e-01,9.995898280557e-01
365,2.393946957168e+00,9.259366214110e-01,9.995941061843e-01
366,2.381196896471e+00,9.264327032180e-01,9.995983388639e-01
367,2.351310383683e+00,9.269225586791e-01,9.996024659611e-01
368,2.337644527477e+00,9.274095670920e-01,9.996065452243e-01
369,2.329954530556e+00,9.278949734250e-01,9.996105976930e-01
370,2.324508575606e+00,9.283792451860e-01,9.996146312396e-01
371,2.317537727927e+00,9.288620646898e-01,9.996186406306e-01
372,2.302106698357e+00,9.293416694013e-01,9.996225968072e-01
373,2.291772515442e+00,9.298191211620e-01,9.996265175450e-01
374,2.288384339271e+00,9.302958670538e-01,9.996304266984e-01
375,2.281603307114e+00,9.307712002331e-01,9.996343127186e-01
376,2.264916653521e+00,9.312430570324e-01,9.996381421053e-01
377,2.260479295341e+00,9.317139893838e-01,9.996419565019e-01
378,2.255666509248e+00,9.321839190731e-01,9.996457546734e-01
379,2.238118340856e+00,9.326501929005e-01,9.996494939782e-01
380,2.237235158656e+00,9.331162827320e-01,9.996532303325e-01
381,2.219701975833e+00,9.335787198235e-01,9.996569083528e-01
382,2.208987065490e+00,9.340389246459e-01,9.996605509498e-01
383,2.195857449527e+00,9.344963941366e-01,9.996641503742e-01
384,2.193617821334e+00,9.349533970389e-01,9.996677424601e-01
385,2.187438340360e+00,9.354091125516e-01,9.996713143365e-01
386,2.175054454350e+00,9.358622480926e-01,9.996748458840e-01
387,2.173147354622e+00,9.363149863219e-01,9.996783712412e-01
388,2.164021858921e+00,9.367658234096e-01,9.996818670532e-01
389,2.155617974248e+00,9.372149096911e-01,9.996853357662e-01
390,2.152644207739e+00,9.376633764390e-01,9.996887949154e-01
391,2.147448833462e+00,9.381107608192e-01,9.996922373875e-01
392,2.135653279753e+00,9.385556877968e-01,9.996956421457e-01
393,2.129599416239e+00,9.389993535550e-01,9.996990276285e-01
394,2.127932000460e+00,9.394426719355e-01,9.997024078120e-01
395,2.117550977501e+00,9.398838276068e-01,9.997057550957e-01
396,2.108109512066e+00,9.403230163096e-01,9.997090725971e-01
397,2.098626384172e+00,9.407602293642e-01,9.997123603187e-01
398,2.093592700525e+00,9.411963937366e-01,9.997156322876e-01
399,2.081336236099e+00,9.416300046835e-01,9.997188660587e-01
400,2.057129465841e+00,9.420585725621e-01,9.997220250471e-01
401,2.051541727540e+00,9.424859763307e-01,9.997251668974e-01
402,2.047792579621e+00,9.429125990282e-01,9.997282972749e-01
403,2.040542943076e+00,9.433377113874e-01,9.997314055271e-01
404,2.035144033614e+00,9.437616989758e-01,9.997344973534e-01
405,2.014189034174e+00,9.441813209470e-01,9.997375258370e-01
406,2.008202856416e+00,9.445996958001e-01,9.997405363461e-01
407,1.996312968476e+00,9.450155935976e-01,9.997435113123e-01
408,1.984433945873e+00,9.454290166031e-01,9.997464509789e-01
409,1.970432984742e+00,9.458395227469e-01,9.997493493108e-01
410,1.961981878490e+00,9.462482682467e-01,9.997522228343e-01
411,1.960512487173e+00,9.466567076238e-01,9.997550920554e-01
412,1.943462275487e+00,9.470615948798e-01,9.997579115873e-01
413,1.932837887696e+00,9.474642687256e-01,9.997607003761e-01
414,1.930036981885e+00,9.478663590504e-01,9.997634810883e-01
415,1.925059268378e+00,9.482674123534e-01,9.997662474757e-01
416,1.909954982843e+00,9.486653189358e-01,9.997689706224e-01
417,1.905341636162e+00,9.490622644060e-01,9.997716806299e-01
418,1.898019690033e+00,9.494576844735e-01,9.997743698491e-01
419,1.893435460957e+00,9.498521494950e-01,9.997770460937e-01
420,1.873223869307e+00,9.502424037756e-01,9.997796655077e-01
421,1.862482561402e+00,9.506304202878e-01,9.997822549677e-01
422,1.858683245267e+00,9.510176452771e-01,9.997848338739e-01
423,1.853127356512e+00,9.514037127917e-01,9.997873973857e-01
424,1.841171530320e+00,9.517872895136e-01,9.997899279261e-01
425,1.831797960392e+00,9.521689134118e-01,9.997924327657e-01
426,1.827611295846e+00,9.525496650899e-01,9.997949261685e-01
427,1.810990365484e+00,9.529269540802e-01,9.997973744258e-01
428,1.804274301255e+00,9.533028438930e-01,9.997998045581e-01
429,1.798576272332e+00,9.536775466186e-01,9.998022193655e-01
430,1.783997027309e+00,9.540492120068e-01,9.998045951827e-01
431,1.770894971622e+00,9.544181478049e-01,9.998069362311e-01
432,1.764110132141e+00,9.547856700973e-01,9.998092593753e-01
433,1.741872847565e+00,9.551485596303e-01,9.998115243204e-01
434,1.732151452130e+00,9.555094238762e-01,9.998137640547e-01
435,1.729761110697e+00,9.558697901351e-01,9.998159976117e-01
436,1.717586484226e+00,9.562276200180e-01,9.998181998383e-01
437,1.712609949989e+00,9.565844131249e-01,9.998203893220e-01
438,1.705920615512e+00,9.569398126228e-01,9.998225617351e-01
439,1.696816297679e+00,9.572933153912e-01,9.998247110222e-01
440,1.680662142509e+00,9.576434527166e-01,9.998268195805e-01
441,1.674057153571e+00,9.579922140051e-01,9.998289115981e-01
442,1.670001507779e+00,9.583401303688e-01,9.998309934916e-01
443,1.656910799902e+00,9.586853195066e-01,9.998330428742e-01
444,1.645213971642e+00,9.590280718095e-01,9.998350634240e-01
445,1.639990954048e+00,9.593697359856e-01,9.998370711650e-01
446,1.633843432439e+00,9.597101194304e-01,9.998390638821e-01
447,1.626661998473e+00,9.600490067457e-01,9.998410391200e-01
448,1.621961523293e+00,9.603869147971e-01,9.998430029590e-01
449,1.616354752390e+00,9.607236547733e-01,9.998449532443e-01
450,1.603506049363e+00,9.610577179412e-01,9.998468726465e-01
451,1.601833443334e+00,9.613914326500e-01,9.998487880465e-01
452,1.587887263206e+00,9.617222419098e-01,9.998506702394e-01
453,1.586984957768e+00,9.620528631897e-01,9.998525502937e-01
454,1.584602527888e+00,9.623829881308e-01,9.998544247075e-01
455,1.566827368406e+00,9.627094099204e-01,9.998562573049e-01
456,1.557466029667e+00,9.630338814344e-01,9.998580680693e-01
457,1.547917742282e+00,9.633563637255e-01,9.998598566994e-01
458,1.543372106404e+00,9.636778990107e-01,9.998616348399e-01
459,1.532579416233e+00,9.639971858229e-01,9.998633881985e-01
460,1.523247201008e+00,9.643145284269e-01,9.998651202690e-01
461,1.508809089083e+00,9.646288630964e-01,9.998668196602e-01
462,1.499549774283e+00,9.649412687453e-01,9.998684982576e-01
463,1.497195163979e+00,9.652531838513e-01,9.998701715877e-01
464,1.492940714565e+00,9.655642126152e-01,9.998718354213e-01
465,1.483412515774e+00,9.658732563412e-01,9.998734780850e-01
466,1.472802706394e+00,9.661800896942e-01,9.998750973351e-01
467,1.468703862004e+00,9.664860691228e-01,9.998767075849e-01
468,1.460292780289e+00,9.667902962458e-01,9.998782994441e-01
469,1.456997770997e+00,9.670938369098e-01,9.998798841277e-01
470,1.445447675111e+00,9.673949713080e-01,9.998814437862e-01
471,1.441627024278e+00,9.676953097388e-01,9.998829952106e-01
472,1.427649482802e+00,9.679927361869e-01,9.998845166966e-01
473,1.424472325734e+00,9.682895007284e-01,9.998860314182e-01
474,1.420137507116e+00,9.685853621844e-01,9.998875369349e-01
475,1.412432437100e+00,9.688796184202e-01,9.998890261593e-01
476,1.407533034636e+00,9.691728539491e-01,9.998905050700e-01
477,1.398319160099e+00,9.694641699241e-01,9.998919646819e-01
478,1.395305365064e+00,9.697548580263e-01,9.998934180088e-01
479,1.393917851688e+00,9.700452570637e-01,9.998948684467e-01
480,1.385910687563e+00,9.703339879449e-01,9.998963022688e-01
481,1.385014292447e+00,9.706225320774e-01,9.998977342367e-01
482,1.373988818708e+00,9.709087792403e-01,9.998991434969e-01
483,1.370022871315e+00,9.711942001657e-01,9.999005446333e-01
484,1.363846283544e+00,9.714783343042e-01,9.999019331645e-01
485,1.350876051092e+00,9.717597663157e-01,9.999032954112e-01
486,1.348868127937e+00,9.720407800106e-01,9.999046536114e-01
487,1.336175703932e+00,9.723191494553e-01,9.999059863713e-01
488,1.323016256473e+00,9.725947773532e-01,9.999072930088e-01
489,1.319895942503e+00,9.728697551869e-01,9.999085934903e-01
490,1.314436200070e+00,9.731435955762e-01,9.999098832351e-01
491,1.307203188479e+00,9.734159290909e-01,9.999111588248e-01
492,1.303544844050e+00,9.736875004517e-01,9.999124272846e-01
493,1.297871757131e+00,9.739578899216e-01,9.999136847277e-01
494,1.295114405289e+00,9.742277049442e-01,9.999149368336e-01
495,1.289750859356e+00,9.744964025634e-01,9.999161785901e-01
496,1.285869039692e+00,9.747642914715e-01,9.999174128830e-01
497,1.277049838863e+00,9.750303430494e-01,9.999186303032e-01
498,1.274093214014e+00,9.752957786649e-01,9.999198420927e-01
499,1.262954063147e+00,9.755588936281e-01,9.999210327859e-01
500,1.254497775816e+00,9.758202468679e-01,9.999222075876e-01
501,1.249791955570e+00,9.760806197302e-01,9.999233735921e-01
502,1.245660315053e+00,9.763401318356e-01,9.999245319001e-01
503,1.238063013483e+00,9.765980611727e-01,9.999256761220e-01
504,1.237161606568e+00,9.768558027169e-01,9.999268186784e-01
505,1.231239428383e+00,9.771123104763e-01,9.999279503224e-01
506,1.225032990836e+00,9.773675252301e-01,9.999290705863e-01
507,1.219792633568e+00,9.776216482447e-01,9.999301812864e-01
508,1.215529491428e+00,9.778748831063e-01,9.999312842362e-01
509,1.210929999926e+00,9.781271597422e-01,9.999323788549e-01
510,1.207516074709e+00,9.783787251450e-01,9.999334673103e-01
511,1.200625244791e+00,9.786288549607e-01,9.999345433783e-01
512,1.190372025165e+00,9.788768486928e-01,9.999356011458e-01
513,1.182873276829e+00,9.791232801884e-01,9.999366456284e-01
514,1.166285818666e+00,9.793662559697e-01,9.999376610228e-01
515,1.159617062136e+00,9.796078424292e-01,9.999386648385e-01
516,1.153923969502e+00,9.798482428298e-01,9.999396588220e-01
517,1.151241866184e+00,9.800880844599e-01,9.999406481901e-01
518,1.143004121070e+00,9.803262098962e-01,9.999416234500e-01
519,1.133036761616e+00,9.805622588029e-01,9.999425817749e-01
520,1.128824476160e+00,9.807974301517e-01,9.999435329876e-01
521,1.121214313613e+00,9.810310160527e-01,9.999444714179e-01
522,1.107084228144e+00,9.812616581912e-01,9.999453863442e-01
523,1.104564876054e+00,9.814917754656e-01,9.999462971111e-01
524,1.085592121138e+00,9.817179400898e-01,9.999471768588e-01
525,1.082823491400e+00,9.819435279171e-01,9.999480521250e-01
526,1.079820070961e+00,9.821684900329e-01,9.999489225424e-01
527,1.069628820590e+00,9.823913289753e-01,9.999497766075e-01
528,1.063043079289e+00,9.826127958907e-01,9.999506201879e-01
529,1.055226148588e+00,9.828326342818e-01,9.999514514077e-01
530,1.043058696658e+00,9.830499377915e-01,9.999522635690e-01
531,1.038617373753e+00,9.832663160273e-01,9.999530688286e-01
532,1.035826391030e+00,9.834821128094e-01,9.999538697663e-01
533,1.026711692488e+00,9.836960106993e-01,9.999546566704e-01
534,1.010179525033e+00,9.839064643938e-01,9.999554184369e-01
535,9.903264762820e-01,9.841127820438e-01,9.999561505557e-01
536,9.828968916683e-01,9.843175518664e-01,9.999568717308e-01
537,9.780765883032e-01,9.845213174609e-01,9.999575858497e-01
538,9.639745480266e-01,9.847221451356e-01,9.999582795245e-01
539,9.614829462923e-01,9.849224537275e-01,9.999589696180e-01
540,9.490133165907e-01,9.851201644845e-01,9.999596419277e-01
541,9.430911910652e-01,9.853166414675e-01,9.999603058728e-01
542,9.312559846282e-01,9.855106527869e-01,9.999609532582e-01
543,9.281944164668e-01,9.857040262807e-01,9.999615963940e-01
544,9.275122071981e-01,9.858972576478e-01,9.999622385848e-01
545,9.214481290612e-01,9.860892256676e-01,9.999628724057e-01
546,9.200893526957e-01,9.862809106094e-01,9.999635043587e-01
547,9.144624533679e-01,9.864714232827e-01,9.999641286058e-01
548,9.094970287050e-01,9.866609014943e-01,9.999647460922e-01
549,9.010852612725e-01,9.868486272575e-01,9.999653522093e-01
550,8.985941934310e-01,9.870358340491e-01,9.999659549798e-01
551,8.948957633473e-01,9.872222703358e-01,9.999665527987e-01
552,8.915474543945e-01,9.874080090594e-01,9.999671461525e-01
553,8.864973125416e-01,9.875926956720e-01,9.999677328033e-01
554,8.800215768153e-01,9.877760331753e-01,9.999683109145e-01
555,8.778077318479e-01,9.879589094618e-01,9.999688861207e-01
556,8.716637984838e-01,9.881405057644e-01,9.999694533032e-01
557,8.695503544486e-01,9.883216617670e-01,9.999700177386e-01
558,8.655649735433e-01,9.885019874833e-01,9.999705770120e-01
559,8.642366954571e-01,9.886820364756e-01,9.999711345701e-01
560,8.597990660479e-01,9.888611609633e-01,9.999716864172e-01
561,8.581976079992e-01,9.890399518146e-01,9.999722362104e-01
562,8.509054750192e-01,9.892172234741e-01,9.999727767001e-01
563,8.459906349863e-01,9.893934712105e-01,9.999733109641e-01
564,8.419461686944e-01,9.895688763513e-01,9.999738401319e-01
565,8.370208302158e-01,9.897432553816e-01,9.999743631266e-01
566,8.242983361004e-01,9.899149838971e-01,9.999748703434e-01
567,8.148286171082e-01,9.900847395579e-01,9.999753659731e-01
568,8.126449628570e-01,9.902540402916e-01,9.999758589499e-01
569,8.099194803597e-01,9.904227732174e-01,9.999763486255e-01
570,8.066916823457e-01,9.905908336865e-01,9.999768344059e-01
571,7.998660163423e-01,9.907574721444e-01,9.999773120003e-01
572,7.957379242610e-01,9.909232505846e-01,9.999777846778e-01
573,7.912007466079e-01,9.910880837812e-01,9.999782519803e-01
574,7.883213974481e-01,9.912523171144e-01,9.999787158878e-01
575,7.864758453240e-01,9.914161659582e-01,9.999791776258e-01
576,7.788984791061e-01,9.915784361869e-01,9.999796305093e-01
577,7.757903715040e-01,9.917400588943e-01,9.999800797856e-01
578,7.679561716245e-01,9.919000494797e-01,9.999805200339e-01
579,7.647012165717e-01,9.920593619506e-01,9.999809565581e-01
580,7.582742978743e-01,9.922173354825e-01,9.999813857756e-01
581,7.573267311064e-01,9.923751116050e-01,9.999818139211e-01
582,7.529231085144e-01,9.925319703077e-01,9.999822371020e-01
583,7.519423335351e-01,9.926886246827e-01,9.999826591811e-01
584,7.486290861255e-01,9.928445887991e-01,9.999830775488e-01
585,7.430755592041e-01,9.929993959327e-01,9.999834897324e-01
586,7.395365332122e-01,9.931534657705e-01,9.999838979992e-01
587,7.371023186228e-01,9.933070284812e-01,9.999843035828e-01
588,7.360252447171e-01,9.934603668019e-01,9.999847079819e-01
589,7.326780635388e-01,9.936130077945e-01,9.999851087112e-01
590,7.264631295353e-01,9.937643540114e-01,9.999855026711e-01
591,7.244910916463e-01,9.939152893878e-01,9.999858944949e-01
592,7.193496697749e-01,9.940651536365e-01,9.999862807773e-01
593,7.169356799451e-01,9.942145149716e-01,9.999866644714e-01
594,7.134811937970e-01,9.943631566234e-01,9.999870444769e-01
595,7.088376719221e-01,9.945108308765e-01,9.999874195521e-01
596,7.061644871080e-01,9.946579482170e-01,9.999877918036e-01
597,7.020974701555e-01,9.948042182639e-01,9.999881597797e-01
598,7.009465371379e-01,9.949502485335e-01,9.999885265504e-01
599,6.999643683894e-01,9.950960741850e-01,9.999888922939e-01
600,6.935104155778e-01,9.952405552653e-01,9.999892513239e-01
601,6.895024864928e-01,9.953842013619e-01,9.999896062161e-01
602,6.882677618721e-01,9.955275902247e-01,9.999899598384e-01
603,6.843563550957e-01,9.956701642125e-01,9.999903094529e-01
604,6.815945934937e-01,9.958121628343e-01,9.999906562512e-01
605,6.782063919460e-01,9.959534555820e-01,9.999909996103e-01
606,6.749103959303e-01,9.960940616651e-01,9.999913396401e-01
607,6.700081053528e-01,9.962336464395e-01,9.999916747482e-01
608,6.695704682315e-01,9.963731400397e-01,9.999920094187e-01
609,6.664419652494e-01,9.965119818695e-01,9.999923409690e-01
610,6.629854182631e-01,9.966501035867e-01,9.999926690890e-01
611,6.581436114557e-01,9.967872165959e-01,9.999929924340e-01
612,6.560940255248e-01,9.969239026088e-01,9.999933137682e-01
613,6.553555940515e-01,9.970604347821e-01,9.999936343795e-01
614,6.516672332917e-01,9.971961985483e-01,9.999939513921e-01
615,6.467048991176e-01,9.973309284967e-01,9.999942635951e-01
616,6.459784623497e-01,9.974655071043e-01,9.999945750971e-01
617,6.439252505757e-01,9.975996579603e-01,9.999948846221e-01
618,6.383602236211e-01,9.977326494377e-01,9.999951888201e-01
619,6.347650146228e-01,9.978648919145e-01,9.999954896014e-01
620,6.318358958276e-01,9.979965241593e-01,9.999957876131e-01
621,6.298722835830e-01,9.981277473190e-01,9.999960837754e-01
622,6.278180443750e-01,9.982585425130e-01,9.999963780091e-01
623,6.232663411522e-01,9.983883894371e-01,9.999966679918e-01
624,6.183685931888e-01,9.985172159989e-01,9.999969534349e-01
625,6.170573978018e-01,9.986457693954e-01,9.999972376689e-01
626,6.109547484464e-01,9.987730514090e-01,9.999975163085e-01
627,6.079692356376e-01,9.988997114418e-01,9.999977922315e-01
628,6.046226620423e-01,9.990256742730e-01,9.999980651253e-01
629,6.019897767780e-01,9.991510885874e-01,9.999983356476e-01
630,5.950986109758e-01,9.992750672448e-01,9.999986000118e-01
631,5.856540263968e-01,9.993970782839e-01,9.999988560513e-01
632,5.832621128641e-01,9.995185910086e-01,9.999991100037e-01
633,5.662786922732e-01,9.996365655269e-01,9.999993493823e-01
634,5.492805049363e-01,9.997509987625e-01,9.999995746055e-01
635,5.414950780274e-01,9.998638100370e-01,9.999997934894e-01
636,5.199487252738e-01,9.999721324960e-01,9.999999953008e-01
637,6.554548616608e-02,9.999857877814e-01,9.999999985079e-01
638,3.720288322446e-02,9.999935383683e-01,9.999999995411e-01
639,2.368596123381e-02,9.999984729348e-01,9.999999999599e-01
640,7.329925902548e-03,1.000000000000e+00,1.000000000000e+00
641,0.000000000000e+00,1.000000000000e+00,1.000000000000e+00
642,0.000000000000e+00,1.000000000000e+00,1.000000000000e+00
