system,rank,T,S_smooth
Lorenz,2,100,0.9988279529123166
Lorenz,2,108,0.9990625015905528
Lorenz,2,116,0.9984544909199061
Lorenz,2,126,0.9978474374577383
Lorenz,2,136,0.9975950584235904
Lorenz,2,146,0.9970889762058704
Lorenz,2,158,0.9960444313758148
Lorenz,2,171,0.9952693786200517
Lorenz,2,184,0.9950024575937872
Lorenz,2,199,0.9953522692170516
Lorenz,2,214,0.9955488794742221
Lorenz,2,231,0.99562619315283
Lorenz,2,250,0.995555377011411
Lorenz,2,269,0.9955414467861857
Lorenz,2,291,0.9953397838206959
Lorenz,2,314,0.9948316303432112
Lorenz,2,339,0.994171880957817
Lorenz,2,365,0.9930915767917694
Lorenz,2,394,0.9912292708917282
Lorenz,2,426,0.9882659206465234
Lorenz,2,459,0.9839344226763459
Lorenz,2,496,0.9768029272303825
Lorenz,2,535,0.9640418791557858
Lorenz,2,577,0.9412249155903898
Lorenz,2,623,0.9024056052179462
Lorenz,2,672,0.8616003615007012
Lorenz,2,726,0.8592812241895921
Lorenz,2,783,0.8933983271237804
Lorenz,2,845,0.9314902150003423
Lorenz,2,912,0.9569298050899169
Lorenz,2,984,0.966968656825686
Lorenz,2,1062,0.9685151341067207
Lorenz,2,1147,0.9689677253865802
Lorenz,2,1237,0.9648374054249597
Lorenz,2,1335,0.9294072135839417
Lorenz,2,1441,0.8110896834770317
Lorenz,2,1555,0.6781265623573887
Lorenz,2,1679,0.7393197977091851
Lorenz,2,1812,0.8489909563571916
Lorenz,2,1955,0.8560810606398902
Lorenz,2,2110,0.7711964344596702
Lorenz,2,2277,0.5165649907538807
Lorenz,2,2457,0.5176408055951708
Lorenz,2,2652,0.6703985378873886
Lorenz,2,2862,0.6906269423519203
Lorenz,2,3089,0.5610725710183468
Lorenz,2,3334,0.4933057416153795
Lorenz,2,3598,0.4668824052831371
Lorenz,2,3883,0.442426303477541
Lorenz,2,4190,0.2959897625536107
Lorenz,2,4522,0.2854630909505671
Lorenz,2,4880,0.17829041259670408
Lorenz,2,5267,0.25455333794351404
Lorenz,2,5684,0.24831812581132587
Lorenz,2,6134,0.473850057134117
Lorenz,2,6620,0.4246177034081901
Lorenz,2,7145,0.4202460929014389
Lorenz,2,7711,0.5510770457309403
Lorenz,2,8321,0.5733897236116491
Lorenz,2,8980,0.5162059271656152
Lorenz,2,9692,0.56074713886124
Lorenz,2,10460,0.5997099988843898
Lorenz,2,11288,0.5791802148302879
Lorenz,2,12182,0.4975557187110823
Lorenz,2,13147,0.21041677930610392
Lorenz,2,14189,-0.05824634259318867
Lorenz,2,15313,0.05645536976218925
Lorenz,2,16525,0.26931104963159513
Lorenz,2,17835,0.6644441471508264
Lorenz,2,19247,0.8784052522956731
Lorenz,2,19995,0.8784052522956731
Lorenz,3,100,0.9993812835476855
Lorenz,3,108,0.9995372915748465
Lorenz,3,116,0.9993436572783424
Lorenz,3,126,0.999216120249136
Lorenz,3,136,0.9990600116803697
Lorenz,3,146,0.9989432882973945
Lorenz,3,158,0.9987212495615075
Lorenz,3,171,0.9983929027245441
Lorenz,3,184,0.9977806776041442
Lorenz,3,199,0.9964661840936181
Lorenz,3,214,0.9944169944671084
Lorenz,3,231,0.9921108605334368
Lorenz,3,250,0.9891638541668747
Lorenz,3,269,0.9872401411108789
Lorenz,3,291,0.9892107804063728
Lorenz,3,314,0.9920245296780814
Lorenz,3,339,0.9931516261229967
Lorenz,3,365,0.9935875530287329
Lorenz,3,394,0.9925145533469969
Lorenz,3,426,0.9901418443453391
Lorenz,3,459,0.9853614325484799
Lorenz,3,496,0.9755176890099977
Lorenz,3,535,0.9576418563415865
Lorenz,3,577,0.9305985055431952
Lorenz,3,623,0.8985742689585564
Lorenz,3,672,0.8737218541538052
Lorenz,3,726,0.876498184118803
Lorenz,3,783,0.895775538938339
Lorenz,3,845,0.9140029951051037
Lorenz,3,912,0.9303700056796609
Lorenz,3,984,0.9403218581634059
Lorenz,3,1062,0.944493197264768
Lorenz,3,1147,0.9434355495484792
Lorenz,3,1237,0.9362953368531195
Lorenz,3,1335,0.9000812307651175
Lorenz,3,1441,0.7961580243368145
Lorenz,3,1555,0.6988629709476354
Lorenz,3,1679,0.7290312764869186
Lorenz,3,1812,0.8025603362919798
Lorenz,3,1955,0.7836962435963581
Lorenz,3,2110,0.6707721219392414
Lorenz,3,2277,0.45438195769550266
Lorenz,3,2457,0.4869734218152845
Lorenz,3,2652,0.6369248213068736
Lorenz,3,2862,0.6736847371455255
Lorenz,3,3089,0.5984392604149118
Lorenz,3,3334,0.5587032535564971
Lorenz,3,3598,0.5278621010944747
Lorenz,3,3883,0.4803655449442673
Lorenz,3,4190,0.33681356333805695
Lorenz,3,4522,0.3287665558698328
Lorenz,3,4880,0.24441463793726043
Lorenz,3,5267,0.32680059368118064
Lorenz,3,5684,0.2824095843451157
Lorenz,3,6134,0.4370546036357669
Lorenz,3,6620,0.3696260765351178
Lorenz,3,7145,0.3625004221634892
Lorenz,3,7711,0.48364430825692606
Lorenz,3,8321,0.497620604254912
Lorenz,3,8980,0.41498606210852185
Lorenz,3,9692,0.4667105443778787
Lorenz,3,10460,0.5159117274002993
Lorenz,3,11288,0.5149705732973809
Lorenz,3,12182,0.42668657144878397
Lorenz,3,13147,0.131931485337857
Lorenz,3,14189,-0.0929628414499881
Lorenz,3,15313,-0.008116037192995524
Lorenz,3,16525,0.1747985314766245
Lorenz,3,17835,0.510472784828922
Lorenz,3,19247,0.7015479181756324
Lorenz,3,19995,0.7015479181756324
Lorenz,4,100,0.9992058747272178
Lorenz,4,108,0.9994450705223693
Lorenz,4,116,0.999099502640078
Lorenz,4,126,0.9987696704092037
Lorenz,4,136,0.9984685572159487
Lorenz,4,146,0.9980619279810931
Lorenz,4,158,0.9974523163860216
Lorenz,4,171,0.9966299563489806
Lorenz,4,184,0.9957929452058039
Lorenz,4,199,0.9946940344268705
Lorenz,4,214,0.9917693152691157
Lorenz,4,231,0.9866695242959937
Lorenz,4,250,0.9784076324619696
Lorenz,4,269,0.972991915777939
Lorenz,4,291,0.9665845744735531
Lorenz,4,314,0.9572013996556881
Lorenz,4,339,0.9550201261469199
Lorenz,4,365,0.9639589881176206
Lorenz,4,394,0.9694517565968145
Lorenz,4,426,0.9723541709753867
Lorenz,4,459,0.972906264450885
Lorenz,4,496,0.9712460460966845
Lorenz,4,535,0.964666844297842
Lorenz,4,577,0.9514039470368515
Lorenz,4,623,0.9291531372208057
Lorenz,4,672,0.9002781086037791
Lorenz,4,726,0.8712226791529339
Lorenz,4,783,0.8455561713059702
Lorenz,4,845,0.8436099998164466
Lorenz,4,912,0.8885556353731882
Lorenz,4,984,0.930196698273948
Lorenz,4,1062,0.9491373246067771
Lorenz,4,1147,0.95120224424149
Lorenz,4,1237,0.9496910224872142
Lorenz,4,1335,0.9222071506314365
Lorenz,4,1441,0.8212511058204615
Lorenz,4,1555,0.7047675809736567
Lorenz,4,1679,0.7259577416619418
Lorenz,4,1812,0.8001319544032544
Lorenz,4,1955,0.8097650155191698
Lorenz,4,2110,0.7922942288455112
Lorenz,4,2277,0.6792502224416698
Lorenz,4,2457,0.6537811936658418
Lorenz,4,2652,0.7098888542091014
Lorenz,4,2862,0.7176730232983203
Lorenz,4,3089,0.6635571846572033
Lorenz,4,3334,0.5915687555600808
Lorenz,4,3598,0.5301378946448361
Lorenz,4,3883,0.4626088359046931
Lorenz,4,4190,0.3470370363261214
Lorenz,4,4522,0.379472883070633
Lorenz,4,4880,0.3559303548618275
Lorenz,4,5267,0.3398679202632197
Lorenz,4,5684,0.2985206741818872
Lorenz,4,6134,0.2544295332149111
Lorenz,4,6620,0.1291239023242012
Lorenz,4,7145,0.10439129693414594
Lorenz,4,7711,0.16866990146644054
Lorenz,4,8321,0.013109600777675697
Lorenz,4,8980,-0.0805477552268278
Lorenz,4,9692,-0.05492236888767067
Lorenz,4,10460,-0.0020074825530059562
Lorenz,4,11288,0.03570398899678828
Lorenz,4,12182,0.013534095042127683
Lorenz,4,13147,-0.1343163928232088
Lorenz,4,14189,-0.17766559499732626
Lorenz,4,15313,0.05399142946892227
Lorenz,4,16525,0.13757528419364531
Lorenz,4,17835,0.41852304984422595
Lorenz,4,19247,0.6098176052713522
Lorenz,4,19995,0.6098176052713522
Lorenz,5,100,0.9926826890620153
Lorenz,5,108,0.9956180733713058
Lorenz,5,116,0.9976709562145626
Lorenz,5,126,0.998467189276778
Lorenz,5,136,0.9986650159753995
Lorenz,5,146,0.9980668563745808
Lorenz,5,158,0.9976499058214107
Lorenz,5,171,0.9974519689246404
Lorenz,5,184,0.9972724601699534
Lorenz,5,199,0.9957219254766267
Lorenz,5,214,0.9930895728429815
Lorenz,5,231,0.9899322230973444
Lorenz,5,250,0.98846710195839
Lorenz,5,269,0.9879945069427026
Lorenz,5,291,0.9867068421706552
Lorenz,5,314,0.9797386847662805
Lorenz,5,339,0.9722066072131169
Lorenz,5,365,0.9678739377699673
Lorenz,5,394,0.9675572516541068
Lorenz,5,426,0.967782081419381
Lorenz,5,459,0.9690487440136138
Lorenz,5,496,0.968193036928621
Lorenz,5,535,0.9628342002344149
Lorenz,5,577,0.945293995513173
Lorenz,5,623,0.9145997323326365
Lorenz,5,672,0.8955827555007831
Lorenz,5,726,0.9068361886489594
Lorenz,5,783,0.9161434134118518
Lorenz,5,845,0.9209522811400849
Lorenz,5,912,0.9268949054002233
Lorenz,5,984,0.9330775925862504
Lorenz,5,1062,0.9386387451427384
Lorenz,5,1147,0.9413922484262283
Lorenz,5,1237,0.9357551087655559
Lorenz,5,1335,0.8974446239481609
Lorenz,5,1441,0.8104097638918676
Lorenz,5,1555,0.7407787054595912
Lorenz,5,1679,0.7975967867889803
Lorenz,5,1812,0.858659221487495
Lorenz,5,1955,0.8455507146321972
Lorenz,5,2110,0.7398307190096352
Lorenz,5,2277,0.5347072639320912
Lorenz,5,2457,0.5418828772808343
Lorenz,5,2652,0.6609026764282051
Lorenz,5,2862,0.6961911433292839
Lorenz,5,3089,0.6467929345159831
Lorenz,5,3334,0.6113290407016828
Lorenz,5,3598,0.5830223770238229
Lorenz,5,3883,0.5057049242780007
Lorenz,5,4190,0.35703596048730757
Lorenz,5,4522,0.3572413363752777
Lorenz,5,4880,0.31840918087970194
Lorenz,5,5267,0.350284483254929
Lorenz,5,5684,0.3124262151705982
Lorenz,5,6134,0.4031522012078765
Lorenz,5,6620,0.3419005764215592
Lorenz,5,7145,0.349225243541362
Lorenz,5,7711,0.40078091959166345
Lorenz,5,8321,0.3949236166144383
Lorenz,5,8980,0.3508576183149431
Lorenz,5,9692,0.3666317431273751
Lorenz,5,10460,0.3813732186441628
Lorenz,5,11288,0.3844448615303159
Lorenz,5,12182,0.2078944742249829
Lorenz,5,13147,-0.13787269272419428
Lorenz,5,14189,-0.17638412646664048
Lorenz,5,15313,-0.06292448871470133
Lorenz,5,16525,0.18168325780987735
Lorenz,5,17835,0.5154009347507892
Lorenz,5,19247,0.6696127015120543
Lorenz,5,19995,0.6696127015120543
KS,7,50,0.935363343882197
KS,7,54,0.9549874238203626
KS,7,58,0.9489422868207864
KS,7,63,0.9439781125350334
KS,7,68,0.9357049130030323
KS,7,73,0.9071277669149902
KS,7,79,0.873024776570888
KS,7,85,0.8640815950084986
KS,7,92,0.876270479394128
KS,7,100,0.8967292340844983
KS,7,107,0.9192577594642901
KS,7,116,0.9351597597135404
KS,7,125,0.9444174003925168
KS,7,135,0.9487260745325122
KS,7,146,0.9532623650105908
KS,7,158,0.9550787538503316
KS,7,170,0.9596932448185194
KS,7,184,0.9641038977060117
KS,7,198,0.9660428525234676
KS,7,214,0.9675389058169814
KS,7,231,0.9693804614711782
KS,7,249,0.9701430978949948
KS,7,269,0.970846748473531
KS,7,291,0.9725658760335015
KS,7,314,0.9739264889570799
KS,7,339,0.9752517834534796
KS,7,366,0.9762893516095561
KS,7,395,0.9767138172813193
KS,7,426,0.9767002509913243
KS,7,460,0.9764727784058034
KS,7,497,0.9760791237983353
KS,7,536,0.9766501094686595
KS,7,579,0.977438958993018
KS,7,625,0.9789251056314368
KS,7,675,0.9795162967371239
KS,7,728,0.9798793673636627
KS,7,786,0.97985932693907
KS,7,849,0.9798156498912904
KS,7,916,0.9804402297186801
KS,7,989,0.981133688070817
KS,7,1068,0.9815555067739536
KS,7,1153,0.9821153164803293
KS,7,1245,0.9845313990591108
KS,7,1344,0.9859196552621622
KS,7,1450,0.986383617103827
KS,7,1566,0.9854287224199737
KS,7,1690,0.9806874403814788
KS,7,1825,0.9681901413431933
KS,7,1970,0.9581891551748303
KS,7,2127,0.9581678092492615
KS,7,2296,0.9623699374310072
KS,7,2478,0.9662200001698777
KS,7,2675,0.9696941563977235
KS,7,2888,0.9707489844650832
KS,7,3118,0.9729820334465031
KS,7,3366,0.9717245179608571
KS,7,3634,0.9705766369968978
KS,7,3923,0.9663820042986613
KS,7,4235,0.9718457387143409
KS,7,4572,0.9788261365104759
KS,7,4750,0.9789518042876407
KS,8,50,0.9321942589340151
KS,8,54,0.9516593671889686
KS,8,58,0.9451468175882469
KS,8,63,0.9425823251456654
KS,8,68,0.940319653245813
KS,8,73,0.9295409814881656
KS,8,79,0.9123044573255962
KS,8,85,0.8967061750182383
KS,8,92,0.8935431154980369
KS,8,100,0.9121546691969281
KS,8,107,0.9332266723339895
KS,8,116,0.9483928744148606
KS,8,125,0.9522434763837241
KS,8,135,0.9551466928426484
KS,8,146,0.9566209508476725
KS,8,158,0.9585562622393741
KS,8,170,0.9606890617062693
KS,8,184,0.9643124603623568
KS,8,198,0.9657971144565343
KS,8,214,0.9668698073814654
KS,8,231,0.968908468413493
KS,8,249,0.9703316534404056
KS,8,269,0.9716756520026901
KS,8,291,0.9730420521545865
KS,8,314,0.9736725508423129
KS,8,339,0.9745189023622989
KS,8,366,0.9757099108077757
KS,8,395,0.9764003507077224
KS,8,426,0.9764486004074943
KS,8,460,0.9761199606314976
KS,8,497,0.973414396416647
KS,8,536,0.9680194528593562
KS,8,579,0.970621671935316
KS,8,625,0.9780077349485434
KS,8,675,0.979836044753988
KS,8,728,0.9802932064649135
KS,8,786,0.9801960843774874
KS,8,849,0.9801690025897724
KS,8,916,0.9807101232264896
KS,8,989,0.9812299781897291
KS,8,1068,0.9815377810536422
KS,8,1153,0.982169507106956
KS,8,1245,0.9845247046158149
KS,8,1344,0.9854431427435182
KS,8,1450,0.9852907018094129
KS,8,1566,0.9839606328648456
KS,8,1690,0.9780911209632034
KS,8,1825,0.9646771084806682
KS,8,1970,0.9554123922399012
KS,8,2127,0.958210404090925
KS,8,2296,0.9630813132274381
KS,8,2478,0.9645407073679887
KS,8,2675,0.9660581956918608
KS,8,2888,0.9666293732753504
KS,8,3118,0.9698714105829931
KS,8,3366,0.9689823655083941
KS,8,3634,0.9691052395039493
KS,8,3923,0.9656140108255487
KS,8,4235,0.9653501771626225
KS,8,4572,0.9720516471183543
KS,8,4750,0.9736678957780447
KS,9,50,0.9091798247409818
KS,9,54,0.9323989058698963
KS,9,58,0.8967744002834398
KS,9,63,0.8769914258405463
KS,9,68,0.891393942652158
KS,9,73,0.9099279664649462
KS,9,79,0.9149974135763218
KS,9,85,0.9140435493711699
KS,9,92,0.9160831407776203
KS,9,100,0.9338667319172742
KS,9,107,0.9496631252058773
KS,9,116,0.9577371756430706
KS,9,125,0.9597740901544528
KS,9,135,0.9612364622722415
KS,9,146,0.9638170442525078
KS,9,158,0.9659708107415059
KS,9,170,0.9671419202089069
KS,9,184,0.9694313934221696
KS,9,198,0.9709849198163076
KS,9,214,0.9725356634969424
KS,9,231,0.9743035199789333
KS,9,249,0.975818734008801
KS,9,269,0.9769437692376007
KS,9,291,0.9780060446727331
KS,9,314,0.9790678557052954
KS,9,339,0.9800978021629461
KS,9,366,0.9805008823432286
KS,9,395,0.9807925332095402
KS,9,426,0.9805973526127864
KS,9,460,0.9800355553793484
KS,9,497,0.9781443725861597
KS,9,536,0.9760442523888988
KS,9,579,0.9793579456308744
KS,9,625,0.9827641073898374
KS,9,675,0.9832047603609184
KS,9,728,0.983764561928625
KS,9,786,0.9828642340334327
KS,9,849,0.982243794547906
KS,9,916,0.9827281883144986
KS,9,989,0.98369878146777
KS,9,1068,0.9843615553451829
KS,9,1153,0.9851268203866789
KS,9,1245,0.9870029572139566
KS,9,1344,0.9875337994960945
KS,9,1450,0.9872861919729572
KS,9,1566,0.986122850243129
KS,9,1690,0.9818047153400326
KS,9,1825,0.9729642442950694
KS,9,1970,0.9659066996952854
KS,9,2127,0.9658446305035274
KS,9,2296,0.9684622591490339
KS,9,2478,0.9679709479655816
KS,9,2675,0.968516777498646
KS,9,2888,0.9678208836713905
KS,9,3118,0.9708163328986198
KS,9,3366,0.969621341075761
KS,9,3634,0.9691371718207414
KS,9,3923,0.9644596046737834
KS,9,4235,0.964110470675062
KS,9,4572,0.971018375009731
KS,9,4750,0.9728542987826045
KS,10,50,0.9246986207897491
KS,10,54,0.9446706196793029
KS,10,58,0.9285659022841285
KS,10,63,0.923392628081695
KS,10,68,0.9229490637796157
KS,10,73,0.920640505224415
KS,10,79,0.9142868196162145
KS,10,85,0.9042546019756569
KS,10,92,0.8914298482685676
KS,10,100,0.9067859612798297
KS,10,107,0.9298044743510038
KS,10,116,0.9434361494788687
KS,10,125,0.9450324495722762
KS,10,135,0.9467595498455196
KS,10,146,0.950293415916139
KS,10,158,0.954690289252348
KS,10,170,0.9555281013146375
KS,10,184,0.9573653287248206
KS,10,198,0.9592054448813235
KS,10,214,0.9630382087803274
KS,10,231,0.9669998911323356
KS,10,249,0.9691837220261483
KS,10,269,0.9708150517068587
KS,10,291,0.9718103920817601
KS,10,314,0.9729286335238895
KS,10,339,0.9739060492716877
KS,10,366,0.9747863185803644
KS,10,395,0.9757068434972245
KS,10,426,0.9753405480572587
KS,10,460,0.9754279493369253
KS,10,497,0.9731400802408259
KS,10,536,0.9704153272006426
KS,10,579,0.9723751495782514
KS,10,625,0.9773162276977462
KS,10,675,0.9788851098365915
KS,10,728,0.9796396799915595
KS,10,786,0.9776317551325698
KS,10,849,0.9765711905513946
KS,10,916,0.9785951473101903
KS,10,989,0.9800759556807916
KS,10,1068,0.9813796343555703
KS,10,1153,0.9820949818977446
KS,10,1245,0.9835015203779284
KS,10,1344,0.9841367470193725
KS,10,1450,0.9835706643833753
KS,10,1566,0.9820588897845796
KS,10,1690,0.9777828013671088
KS,10,1825,0.9708913893351565
KS,10,1970,0.9670301827858391
KS,10,2127,0.9690891060427257
KS,10,2296,0.971182590583466
KS,10,2478,0.9707823176354661
KS,10,2675,0.9702982522777912
KS,10,2888,0.9690946878268216
KS,10,3118,0.9720931069556416
KS,10,3366,0.9706988919463327
KS,10,3634,0.9701171554910444
KS,10,3923,0.9648060852283624
KS,10,4235,0.9639614459011951
KS,10,4572,0.9708227028350894
KS,10,4750,0.9725734287277196
KS,11,50,0.9197023463318523
KS,11,54,0.9380291799684177
KS,11,58,0.9158260404903512
KS,11,63,0.9014631489621051
KS,11,68,0.9026114285936315
KS,11,73,0.9036133725845946
KS,11,79,0.9011445816748411
KS,11,85,0.8846685910362759
KS,11,92,0.8637773972742266
KS,11,100,0.8922857079898058
KS,11,107,0.9246106434421314
KS,11,116,0.9421474612421011
KS,11,125,0.9481479220376533
KS,11,135,0.9516863561618316
KS,11,146,0.956799268585404
KS,11,158,0.960981390839975
KS,11,170,0.9606612769797176
KS,11,184,0.958734535208195
KS,11,198,0.9577727142254011
KS,11,214,0.9623074745416194
KS,11,231,0.9658384510439125
KS,11,249,0.9663981537504983
KS,11,269,0.9679493457575603
KS,11,291,0.9691505092501658
KS,11,314,0.970806686259279
KS,11,339,0.972371096760674
KS,11,366,0.9734305062657373
KS,11,395,0.9740665539850416
KS,11,426,0.9737723688224615
KS,11,460,0.9741234775546675
KS,11,497,0.9720347778986957
KS,11,536,0.969267099548064
KS,11,579,0.9706859943349753
KS,11,625,0.9760084438558144
KS,11,675,0.9784055022753351
KS,11,728,0.9789272045874371
KS,11,786,0.9777229617670083
KS,11,849,0.9767195254448375
KS,11,916,0.978791212256549
KS,11,989,0.9805977700171804
KS,11,1068,0.9811319923341887
KS,11,1153,0.981686646621133
KS,11,1245,0.9832279800898971
KS,11,1344,0.9838292760022928
KS,11,1450,0.9832697359004267
KS,11,1566,0.9816933070715906
KS,11,1690,0.9768654597078801
KS,11,1825,0.9686937541205144
KS,11,1970,0.962631875302411
KS,11,2127,0.9646324623419552
KS,11,2296,0.9672301759370192
KS,11,2478,0.9670794287923711
KS,11,2675,0.9673391647299561
KS,11,2888,0.9670004233787601
KS,11,3118,0.9701704516368422
KS,11,3366,0.9690538883426568
KS,11,3634,0.9691202246900331
KS,11,3923,0.9648826961161051
KS,11,4235,0.9642067664348697
KS,11,4572,0.9710679906578122
KS,11,4750,0.9726909430353312
KS,12,50,0.925995254912456
KS,12,54,0.9431352173083244
KS,12,58,0.9266106984947378
KS,12,63,0.9207802844740416
KS,12,68,0.9234637636831474
KS,12,73,0.9225452735637131
KS,12,79,0.9161457893502795
KS,12,85,0.8876840595785004
KS,12,92,0.8571956147122157
KS,12,100,0.8792309595857951
KS,12,107,0.9129174195166375
KS,12,116,0.9329663850815332
KS,12,125,0.9404385169863598
KS,12,135,0.9469883871364759
KS,12,146,0.9521964163045408
KS,12,158,0.9575614579360084
KS,12,170,0.9570214048069758
KS,12,184,0.9560213923995161
KS,12,198,0.953879804331209
KS,12,214,0.9586799504391221
KS,12,231,0.9621441354833997
KS,12,249,0.9626667566720206
KS,12,269,0.9638143058321583
KS,12,291,0.9651144808557917
KS,12,314,0.9675037652718486
KS,12,339,0.9688060948073046
KS,12,366,0.9688235257967474
KS,12,395,0.9687997704574801
KS,12,426,0.9686443381935266
KS,12,460,0.9689731564642573
KS,12,497,0.9677390891005025
KS,12,536,0.9657272734407907
KS,12,579,0.9676030504685463
KS,12,625,0.9729608353631682
KS,12,675,0.9762583252333672
KS,12,728,0.9767199026265804
KS,12,786,0.9753496765248041
KS,12,849,0.9733595285108136
KS,12,916,0.9754093659050063
KS,12,989,0.9778011652011223
KS,12,1068,0.9782136249739878
KS,12,1153,0.978638825572909
KS,12,1245,0.979428152706719
KS,12,1344,0.9795809293629483
KS,12,1450,0.9787869086687271
KS,12,1566,0.9766882789889959
KS,12,1690,0.9705046831427734
KS,12,1825,0.9612325489134532
KS,12,1970,0.9588186947976673
KS,12,2127,0.9626685531755264
KS,12,2296,0.9638860456442825
KS,12,2478,0.9641024863042812
KS,12,2675,0.9636833224413262
KS,12,2888,0.9632886923879136
KS,12,3118,0.9657953292148317
KS,12,3366,0.9651108785561863
KS,12,3634,0.9651090574437254
KS,12,3923,0.9628298691956167
KS,12,4235,0.9658706089081115
KS,12,4572,0.9730761408437116
KS,12,4750,0.9741171832057908
ADK,14,50,0.9634344805455456
ADK,14,54,0.9710908464267157
ADK,14,58,0.9630418451724863
ADK,14,63,0.9613118952041523
ADK,14,68,0.961529427952852
ADK,14,73,0.9613334444925358
ADK,14,79,0.9611962882447445
ADK,14,86,0.9612420503198048
ADK,14,92,0.9617041042170349
ADK,14,100,0.9627191753512487
ADK,14,108,0.962761304531566
ADK,14,116,0.9632491026421487
ADK,14,126,0.9653781565079578
ADK,14,136,0.9671385066805039
ADK,14,146,0.9671021071712057
ADK,14,158,0.9664584691785675
ADK,14,171,0.9660840449943202
ADK,14,184,0.9654828929140843
ADK,14,199,0.965029274729027
ADK,14,215,0.9635426294759889
ADK,14,232,0.9639385776129858
ADK,14,251,0.9650178434241448
ADK,14,271,0.9655363099425845
ADK,14,292,0.9654688450440811
ADK,14,315,0.9647619767717558
ADK,14,341,0.962092333405103
ADK,14,368,0.9601189553149136
ADK,14,397,0.9584364952598042
ADK,14,429,0.9582272964203538
ADK,14,463,0.958116926759632
ADK,14,500,0.9596740164870001
ADK,14,540,0.9607900222032827
ADK,14,583,0.961214427536767
ADK,14,629,0.9611751547615625
ADK,14,680,0.9620385306982493
ADK,14,734,0.963175926088701
ADK,14,792,0.9642573759116734
ADK,14,856,0.9663516456709178
ADK,14,924,0.9681088102348566
ADK,14,998,0.9686607848566869
ADK,14,1077,0.9706452173991058
ADK,14,1163,0.976740313111233
ADK,14,1256,0.9840131128516351
ADK,14,1356,0.9889850744990818
ADK,14,1464,0.9910310641775185
ADK,14,1581,0.9918075086675974
ADK,14,1707,0.9919318488679542
ADK,14,1843,0.9918619534445777
ADK,14,1991,0.9915816946555986
ADK,14,2149,0.991457651699185
ADK,14,2321,0.9913240935877213
ADK,14,2506,0.9905749158897039
ADK,14,2706,0.9902732238503406
ADK,14,2922,0.9914959992225959
ADK,14,3155,0.9910094872695602
ADK,14,3406,0.9905986207963898
ADK,14,3678,0.9863911790576808
ADK,14,3972,0.9779247329347324
ADK,14,4288,0.9730630574689508
ADK,14,4631,0.9790934317012786
ADK,14,5000,0.9712622184512316
ADK,15,50,0.9629181984238554
ADK,15,54,0.9705984529947471
ADK,15,58,0.9634233036301934
ADK,15,63,0.9620359296099841
ADK,15,68,0.9624561894596735
ADK,15,73,0.9619281488091382
ADK,15,79,0.9616208746951046
ADK,15,86,0.9614578986078941
ADK,15,92,0.9619005878162773
ADK,15,100,0.9627135011884774
ADK,15,108,0.9628670256882711
ADK,15,116,0.9634599143232659
ADK,15,126,0.9655234784363727
ADK,15,136,0.9671708873987795
ADK,15,146,0.9671098725153779
ADK,15,158,0.966329285288773
ADK,15,171,0.965942200860111
ADK,15,184,0.9654083646001737
ADK,15,199,0.9647256078776666
ADK,15,215,0.962883730665532
ADK,15,232,0.963128409345411
ADK,15,251,0.9641364549150189
ADK,15,271,0.9643762871213063
ADK,15,292,0.9644205453695059
ADK,15,315,0.963510149528712
ADK,15,341,0.9609237480218348
ADK,15,368,0.9588850201104822
ADK,15,397,0.9570371259658694
ADK,15,429,0.956555637256577
ADK,15,463,0.9562465421449455
ADK,15,500,0.9578444213327606
ADK,15,540,0.9591827489162829
ADK,15,583,0.9595230521764357
ADK,15,629,0.9596568301619545
ADK,15,680,0.9605936751627592
ADK,15,734,0.9620301199726394
ADK,15,792,0.9630609962873458
ADK,15,856,0.9649574895121178
ADK,15,924,0.9667873532330015
ADK,15,998,0.9674062568790956
ADK,15,1077,0.9698224691607378
ADK,15,1163,0.9768351397811798
ADK,15,1256,0.9842022934820471
ADK,15,1356,0.9890775226846837
ADK,15,1464,0.991065754256694
ADK,15,1581,0.9918256799204238
ADK,15,1707,0.9919442594752035
ADK,15,1843,0.9918637016258325
ADK,15,1991,0.9915767051047769
ADK,15,2149,0.9914930019784378
ADK,15,2321,0.991341591240098
ADK,15,2506,0.9905953160482581
ADK,15,2706,0.990357515618584
ADK,15,2922,0.9915355592176137
ADK,15,3155,0.9909934273520783
ADK,15,3406,0.9905782326150752
ADK,15,3678,0.9864050557782567
ADK,15,3972,0.9778478670977816
ADK,15,4288,0.9729438304889446
ADK,15,4631,0.9791335562421762
ADK,15,5000,0.97119220459552
ADK,16,50,0.9623327092981204
ADK,16,54,0.970148742623991
ADK,16,58,0.9625866500319338
ADK,16,63,0.9612464943578268
ADK,16,68,0.961416856617118
ADK,16,73,0.960845079731737
ADK,16,79,0.9603021272904795
ADK,16,86,0.9603712206031938
ADK,16,92,0.9608332528358009
ADK,16,100,0.9617656184553198
ADK,16,108,0.9617554035627106
ADK,16,116,0.9619212168779927
ADK,16,126,0.964177623383022
ADK,16,136,0.9662654096574882
ADK,16,146,0.9663845019936156
ADK,16,158,0.9658963327139669
ADK,16,171,0.965722093878239
ADK,16,184,0.9651163138405914
ADK,16,199,0.9643038645415252
ADK,16,215,0.9622581204953148
ADK,16,232,0.9623620796826714
ADK,16,251,0.9630192652047227
ADK,16,271,0.9633316419090877
ADK,16,292,0.9633024512969985
ADK,16,315,0.9625103204587617
ADK,16,341,0.9598453445424489
ADK,16,368,0.9575661169909339
ADK,16,397,0.9559726347284143
ADK,16,429,0.9554878867842866
ADK,16,463,0.9550182185455721
ADK,16,500,0.95653553224133
ADK,16,540,0.9578837664216245
ADK,16,583,0.9581876964316794
ADK,16,629,0.9580698360480394
ADK,16,680,0.9589527431485685
ADK,16,734,0.9608719452931775
ADK,16,792,0.9619331367483561
ADK,16,856,0.9635081456310381
ADK,16,924,0.965220686377185
ADK,16,998,0.9659655622264413
ADK,16,1077,0.9689549090758177
ADK,16,1163,0.9767526112154815
ADK,16,1256,0.9843984920593569
ADK,16,1356,0.9892410334365406
ADK,16,1464,0.9911340478212914
ADK,16,1581,0.9918446351218011
ADK,16,1707,0.9919908004013904
ADK,16,1843,0.9918585868770975
ADK,16,1991,0.9915761463907773
ADK,16,2149,0.9915049634005072
ADK,16,2321,0.9913907078434815
ADK,16,2506,0.9906909589196992
ADK,16,2706,0.9904122080944978
ADK,16,2922,0.9916212426464566
ADK,16,3155,0.991090271652614
ADK,16,3406,0.9907422487359617
ADK,16,3678,0.9866263901635257
ADK,16,3972,0.9780125999391646
ADK,16,4288,0.9728994498833429
ADK,16,4631,0.9787891583983609
ADK,16,5000,0.9708537649984211
ADK,17,50,0.9610613798177237
ADK,17,54,0.9696606603591634
ADK,17,58,0.9622611992197571
ADK,17,63,0.9608804973072561
ADK,17,68,0.9610791913696427
ADK,17,73,0.9606219497206486
ADK,17,79,0.96018678275081
ADK,17,86,0.9604623476148743
ADK,17,92,0.9610248097769355
ADK,17,100,0.9622504438163626
ADK,17,108,0.9621667339243387
ADK,17,116,0.9622909314683213
ADK,17,126,0.964095530862239
ADK,17,136,0.9659487300669504
ADK,17,146,0.966123908661604
ADK,17,158,0.96556770171657
ADK,17,171,0.9653551401850742
ADK,17,184,0.9646478156262268
ADK,17,199,0.9638431925408443
ADK,17,215,0.9613675690457938
ADK,17,232,0.9609367747839959
ADK,17,251,0.9615742315796325
ADK,17,271,0.9619915043191242
ADK,17,292,0.9618945423129691
ADK,17,315,0.9612286461080508
ADK,17,341,0.9588039382451423
ADK,17,368,0.956861121966427
ADK,17,397,0.9550184699318224
ADK,17,429,0.954775070959439
ADK,17,463,0.9532352847244752
ADK,17,500,0.9545707959244256
ADK,17,540,0.9560093442738413
ADK,17,583,0.9563233568623973
ADK,17,629,0.9563976991040033
ADK,17,680,0.9572048833203047
ADK,17,734,0.9591737289435288
ADK,17,792,0.960519804517308
ADK,17,856,0.9619573371596626
ADK,17,924,0.9639388075169497
ADK,17,998,0.9647731963468552
ADK,17,1077,0.9686147536682699
ADK,17,1163,0.9767905053343187
ADK,17,1256,0.9845045887696151
ADK,17,1356,0.9892886716632803
ADK,17,1464,0.9911406419168753
ADK,17,1581,0.9918491092027817
ADK,17,1707,0.9919878682701994
ADK,17,1843,0.9918880100807965
ADK,17,1991,0.9915748891288817
ADK,17,2149,0.9914914073937324
ADK,17,2321,0.9913498941424973
ADK,17,2506,0.9907230329629494
ADK,17,2706,0.9904704720087427
ADK,17,2922,0.9916998350057503
ADK,17,3155,0.9912070737289781
ADK,17,3406,0.9908389792785512
ADK,17,3678,0.9866738653477862
ADK,17,3972,0.9781074321181226
ADK,17,4288,0.972909291142703
ADK,17,4631,0.9786267825045257
ADK,17,5000,0.9706788320404197
ADK,18,50,0.961375757561541
ADK,18,54,0.969702151790876
ADK,18,58,0.9623314824733755
ADK,18,63,0.9609368439710255
ADK,18,68,0.9609562452291098
ADK,18,73,0.9604518712856979
ADK,18,79,0.9598667158591357
ADK,18,86,0.9603398140518091
ADK,18,92,0.9609511739625615
ADK,18,100,0.9624837333397654
ADK,18,108,0.9623669680465016
ADK,18,116,0.9628402408726058
ADK,18,126,0.9648306375481461
ADK,18,136,0.9665934206371622
ADK,18,146,0.9667924413993337
ADK,18,158,0.9662630467765402
ADK,18,171,0.9658867630525817
ADK,18,184,0.9651587456825174
ADK,18,199,0.9642139827781195
ADK,18,215,0.9619555917360184
ADK,18,232,0.9615590059838885
ADK,18,251,0.9623100535092628
ADK,18,271,0.9624406967097702
ADK,18,292,0.9625003922550315
ADK,18,315,0.9617825216498448
ADK,18,341,0.9598568556504818
ADK,18,368,0.9581721725142349
ADK,18,397,0.9564794426329785
ADK,18,429,0.9562771917972162
ADK,18,463,0.9547217923837314
ADK,18,500,0.9558417695539608
ADK,18,540,0.9572802841268945
ADK,18,583,0.9574194556647962
ADK,18,629,0.9574789941740709
ADK,18,680,0.9580108146284663
ADK,18,734,0.9600543100120899
ADK,18,792,0.961316352466039
ADK,18,856,0.9621254375245555
ADK,18,924,0.9639728144955306
ADK,18,998,0.9652037055020413
ADK,18,1077,0.9695119589965551
ADK,18,1163,0.9774334962784672
ADK,18,1256,0.9848387849395626
ADK,18,1356,0.9894693717418722
ADK,18,1464,0.9913529479557003
ADK,18,1581,0.992080287588929
ADK,18,1707,0.9922062039432034
ADK,18,1843,0.9920857524590311
ADK,18,1991,0.9917752142135612
ADK,18,2149,0.9916738254228351
ADK,18,2321,0.9915295930432627
ADK,18,2506,0.9907831127520811
ADK,18,2706,0.9906637783655892
ADK,18,2922,0.991844542418032
ADK,18,3155,0.9913871579779157
ADK,18,3406,0.9908759999564215
ADK,18,3678,0.9866351700019678
ADK,18,3972,0.9781567094624423
ADK,18,4288,0.9730103756910798
ADK,18,4631,0.9787578090017874
ADK,18,5000,0.9708481866439722
