episode,start_time,end_time,duration,havok_peak_time,max_abs_v11,beta_peak_time,beta_peak,beta_peak_percentile,lag_beta_from_havok_peak,abs_peak_lag
2,221.24692186217442,221.6299234580144,0.3830015958399713,221.44292267884447,0.013008192587859823,221.6299234580144,2878.302241446329,87.45044857083246,0.18700077916992086,0.18700077916992086
3,221.9989249955208,222.12792553302305,0.12900053750223606,222.02692511218794,0.009811554909173674,221.99992499968747,1843.2425210487563,47.835384936365536,-0.02700011250047396,0.02700011250047396
4,222.8499285413689,223.26593027470946,0.4160017333405506,223.05892941220586,0.02918911445801142,223.2129300538752,3043.331102336735,95.70206551220531,0.15400064166934158,0.15400064166934158
5,225.12393801640837,225.62494010391708,0.5010020875087093,225.4169392372468,0.0531550742171593,225.53093971224877,3098.7964568773496,97.897976215314,0.11400047500197275,0.11400047500197275
6,228.06895028729284,228.45695190396626,0.3880016166734208,228.29495122896344,0.014284890144679756,228.45695190396626,2888.888364999733,87.69559774671396,0.16200067500281534,0.16200067500281534
7,228.8359534831395,229.13795474147807,0.3020012583385778,228.91295380397418,0.01019213246435884,229.13795474147807,1834.121994790573,47.03734612977259,0.22500093750389283,0.22500093750389283
8,229.669956958154,230.07095862899428,0.40100167084028726,229.8679577831574,0.0257585314578407,230.03295847066028,3029.4440337592146,94.93532234508658,0.165000687502868,0.165000687502868
9,231.14396309984625,231.44296434568474,0.29900124583849674,231.21296338734743,0.00912836687019136,231.44296434568474,1838.343400718035,47.35030252451492,0.23000095833731393,0.23000095833731393
10,231.9659665248605,232.37596823320095,0.41000170834044525,232.20596752486466,0.023648545430687982,232.33896807903363,3028.6433242809658,94.85186730648863,0.13300055416897294,0.13300055416897294
11,233.19597164988187,233.70497377072402,0.5090021208421547,233.5109729623873,0.010165415565864814,233.70497377072402,1830.5407187689234,46.78698101397872,0.1940008083367104,0.1940008083367104
12,234.27197613323386,234.67397780824086,0.4020016750069999,234.4699769582373,0.023746556371304645,234.6459776915737,3021.873867871445,94.26246609639057,0.17600073333639443,0.17600073333639443
13,235.76398234992644,236.14498393743307,0.38100158750663127,235.9919832999304,0.012838876962922413,236.14498393743304,2681.9888345500217,83.3507197997079,0.15300063750262893,0.15300063750262893
14,236.53998558327325,236.91998716661317,0.3800015833399186,236.80698669577788,0.011261340601586328,236.91998716661317,2596.839655288848,81.66597120801168,0.11300047083528852,0.11300047083528852
15,237.32398884995354,237.71099046246024,0.38700161250670817,237.58998995829148,0.012442196788836101,237.71099046246024,2782.979363095196,85.36928854579595,0.12100050416876229,0.12100050416876229
16,238.09299205413353,238.41099337913906,0.31800132500552536,238.12199217496737,0.010526684702652955,238.41099337913906,2062.688142837739,63.01377008136866,0.28900120417168296,0.28900120417168296
17,238.89199538331408,239.28699702915426,0.39500164584018194,239.0279959499831,0.015382054076217507,239.28699702915426,2978.99946195053,91.40413102441059,0.25900107917115633,0.25900107917115633
