system,rank,production,criteria,n_levels,T1,T2,hierarchy,prominence,eta_r,note
Lorenz,2,0,energy,6,214,811,214;811;2551;5086;7450;9658,0.0006281;0.1142;0.223;0.4223;0.08563;0.06552,0.029745051125606325,
Lorenz,3,1,sigma,6,339,824,339;824;2544;5072;7449;9700,0.006363;0.07307;0.2421;0.2773;0.09691;0.09681,nan,
Lorenz,4,0,,5,426,921,426;921;4391;7333;10164,0.01863;0.1122;0.03704;0.07648;0.1223,0.07069253360595718,
Lorenz,5,0,,3,1147,2557,1147;2557;9932,0.04593;0.1869;0.04458,0.03034265719285567,
Lorenz,1,0,,,,,,,,"excluded: outside [2, 15]"
KS,7,0,energy,3,158,2422,158;2422;4270,0.0917;0.02197;0.006625,0.04454602329171353,
KS,8,0,,4,125,599,125;599;1180;2201,0.05974;0.008693;0.0001959;0.01853,0.01919112772704945,
KS,9,0,,4,79,585,79;585;1137;2185,0.0558;0.004764;0.001523;0.005762,0.04643981078945958,
KS,10,1,sigma,3,125,602,125;602;2129,0.05328;0.005354;0.005147,nan,
KS,11,0,,3,100,607,100;607;2140,0.07435;0.005045;0.01022,0.02773441143098543,
KS,12,0,,3,116,439,116;439;2074,0.08633;0.000261;0.01549,0.03476305092446319,
ADK,14,0,,3,92,241,92;241;499,0.0003555;0.002105;0.01307,0.0031743885375888903,
ADK,15,0,,3,100,240,100;240;1132,0.00587;0.001723;0.01442,0.0016878054349548366,
ADK,16,1,energy,2,100,501,100;501,0.006245;0.01517,nan,
ADK,17,0,,2,92,1121,92;1121,0.00603;0.01644,0.001992434568217849,
ADK,18,0,,2,92,505,92;505,0.006994;0.01501,0.0010022703532981403,
ADK,517,0,,,,,,,,excluded: not below the smallest window T_min=50
