seed,sigma_A,sigma_nm,corr_T1,corr_T2
3,0.2,0.020000000000000004,0.9986388908329965,0.9997008641115329
3,0.5,0.05,0.9915107485245298,0.9980830612162501
3,1.0,0.1,0.9635958858984893,0.991366484164125
3,2.0,0.2,0.8251459961168904,0.9505652684927365
7,0.2,0.020000000000000004,0.9981684724895007,0.9994825493376567
7,0.5,0.05,0.988293673968225,0.9966980596377232
7,1.0,0.1,0.9507799169131704,0.9856195344369966
7,2.0,0.2,0.796093459993237,0.9250111521704921
11,0.2,0.020000000000000004,0.998578372649506,0.9995334943025782
11,0.5,0.05,0.9905406805216402,0.9967488765885266
11,1.0,0.1,0.9563362014307782,0.9841035623719504
11,2.0,0.2,0.788167831088752,0.9090948356326752
19,0.2,0.020000000000000004,0.9987914767195851,0.9997217235083891
19,0.5,0.05,0.9924311790529992,0.9982242609285856
19,1.0,0.1,0.9677529515513775,0.9919682476441631
19,2.0,0.2,0.8538189491009611,0.9561602329075614
29,0.2,0.020000000000000004,0.9985717743158938,0.9996053543524709
29,0.5,0.05,0.9907332997151354,0.9973947613455434
29,1.0,0.1,0.9582858936884969,0.9877959371077156
29,2.0,0.2,0.7995368762732303,0.9303421485351007
