system,record,T,S_smooth
Lorenz,reference,100,0.9993812835476855
Lorenz,reference,108,0.9995372915748465
Lorenz,reference,116,0.9993436572783424
Lorenz,reference,126,0.999216120249136
Lorenz,reference,136,0.9990600116803697
Lorenz,reference,146,0.9989432882973945
Lorenz,reference,158,0.9987212495615075
Lorenz,reference,171,0.9983929027245441
Lorenz,reference,184,0.9977806776041442
Lorenz,reference,199,0.9964661840936181
Lorenz,reference,214,0.9944169944671084
Lorenz,reference,231,0.9921108605334368
Lorenz,reference,250,0.9891638541668747
Lorenz,reference,269,0.9872401411108789
Lorenz,reference,291,0.9892107804063728
Lorenz,reference,314,0.9920245296780814
Lorenz,reference,339,0.9931516261229967
Lorenz,reference,365,0.9935875530287329
Lorenz,reference,394,0.9925145533469969
Lorenz,reference,426,0.9901418443453391
Lorenz,reference,459,0.9853614325484799
Lorenz,reference,496,0.9755176890099977
Lorenz,reference,535,0.9576418563415865
Lorenz,reference,577,0.9305985055431952
Lorenz,reference,623,0.8985742689585564
Lorenz,reference,672,0.8737218541538052
Lorenz,reference,726,0.876498184118803
Lorenz,reference,783,0.895775538938339
Lorenz,reference,845,0.9140029951051037
Lorenz,reference,912,0.9303700056796609
Lorenz,reference,984,0.9403218581634059
Lorenz,reference,1062,0.944493197264768
Lorenz,reference,1147,0.9434355495484792
Lorenz,reference,1237,0.9362953368531195
Lorenz,reference,1335,0.9000812307651175
Lorenz,reference,1441,0.7961580243368145
Lorenz,reference,1555,0.6988629709476354
Lorenz,reference,1679,0.7290312764869186
Lorenz,reference,1812,0.8025603362919798
Lorenz,reference,1955,0.7836962435963581
Lorenz,reference,2110,0.6707721219392414
Lorenz,reference,2277,0.45438195769550266
Lorenz,reference,2457,0.4869734218152845
Lorenz,reference,2652,0.6369248213068736
Lorenz,reference,2862,0.6736847371455255
Lorenz,reference,3089,0.5984392604149118
Lorenz,reference,3334,0.5587032535564971
Lorenz,reference,3598,0.5278621010944747
Lorenz,reference,3883,0.4803655449442673
Lorenz,reference,4190,0.33681356333805695
Lorenz,reference,4522,0.3287665558698328
Lorenz,reference,4880,0.24441463793726043
Lorenz,reference,5267,0.32680059368118064
Lorenz,reference,5684,0.2824095843451157
Lorenz,reference,6134,0.4370546036357669
Lorenz,reference,6620,0.3696260765351178
Lorenz,reference,7145,0.3625004221634892
Lorenz,reference,7711,0.48364430825692606
Lorenz,reference,8321,0.497620604254912
Lorenz,reference,8980,0.41498606210852185
Lorenz,reference,9692,0.4667105443778787
Lorenz,reference,10460,0.5159117274002993
Lorenz,reference,11288,0.5149705732973809
Lorenz,reference,12182,0.42668657144878397
Lorenz,reference,13147,0.131931485337857
Lorenz,reference,14189,-0.0929628414499881
Lorenz,reference,15313,-0.008116037192995524
Lorenz,reference,16525,0.1747985314766245
Lorenz,reference,17835,0.510472784828922
Lorenz,reference,19247,0.7015479181756324
Lorenz,reference,19995,0.7015479181756324
Lorenz,central90,100,0.9995827132211629
Lorenz,central90,108,0.999690788973071
Lorenz,central90,117,0.99955979690114
Lorenz,central90,126,0.9995294175329543
Lorenz,central90,136,0.9994957945071403
Lorenz,central90,146,0.9993262058857502
Lorenz,central90,158,0.9990029122042511
Lorenz,central90,171,0.998473377379202
Lorenz,central90,184,0.9977399923232239
Lorenz,central90,199,0.9965729607582182
Lorenz,central90,215,0.9945781918415769
Lorenz,central90,232,0.991917028616651
Lorenz,central90,250,0.9888457468761565
Lorenz,central90,270,0.9871382744254753
Lorenz,central90,291,0.9889052047968402
Lorenz,central90,314,0.9916734760657281
Lorenz,central90,339,0.9927046654794361
Lorenz,central90,366,0.9932835442289478
Lorenz,central90,395,0.9921892244571354
Lorenz,central90,427,0.9898373139810701
Lorenz,central90,461,0.9850297711819961
Lorenz,central90,497,0.975241703732772
Lorenz,central90,537,0.9575681942118599
Lorenz,central90,579,0.9313718289254233
Lorenz,central90,625,0.9009920577362334
Lorenz,central90,675,0.8768020348452921
Lorenz,central90,728,0.8779760482170075
Lorenz,central90,786,0.8963001850726926
Lorenz,central90,848,0.9133684811805305
Lorenz,central90,916,0.9287820514580326
Lorenz,central90,988,0.9388633383198016
Lorenz,central90,1067,0.9428520640971298
Lorenz,central90,1151,0.9422759206843009
Lorenz,central90,1243,0.9343878428785618
Lorenz,central90,1341,0.8950575897413948
Lorenz,central90,1448,0.7849053073185268
Lorenz,central90,1563,0.6886831858175768
Lorenz,central90,1687,0.7401309388671713
Lorenz,central90,1821,0.8063275152396848
Lorenz,central90,1965,0.7755829845954654
Lorenz,central90,2121,0.6331106050485645
Lorenz,central90,2289,0.45519253304515483
Lorenz,central90,2471,0.5230148177666994
Lorenz,central90,2667,0.6314760992700956
Lorenz,central90,2879,0.6559347587530918
Lorenz,central90,3107,0.5705654604922321
Lorenz,central90,3354,0.5153839529548414
Lorenz,central90,3620,0.48170464630351434
Lorenz,central90,3907,0.44891508393776597
Lorenz,central90,4217,0.34506249521385063
Lorenz,central90,4552,0.3632343107489645
Lorenz,central90,4913,0.2535525723469168
Lorenz,central90,5303,0.3274696389466978
Lorenz,central90,5724,0.2880850430617279
Lorenz,central90,6178,0.42733608222224395
Lorenz,central90,6668,0.404876522406956
Lorenz,central90,7198,0.35105226915605325
Lorenz,central90,7769,0.4354187608606385
Lorenz,central90,8385,0.5118427798399674
Lorenz,central90,9051,0.5079123930034147
Lorenz,central90,9769,0.5024910443938719
Lorenz,central90,10544,0.4330808911566084
Lorenz,central90,11381,0.23447276149957252
Lorenz,central90,12284,-0.07565776977987056
Lorenz,central90,13259,-0.25841492955578294
Lorenz,central90,14311,-0.21878021401609324
Lorenz,central90,15446,-0.3851398844809973
Lorenz,central90,16672,-0.5294517850318031
Lorenz,central90,17995,-0.5294517850318031
KS,reference,50,0.9246986207897491
KS,reference,54,0.9446706196793029
KS,reference,58,0.9285659022841285
KS,reference,63,0.923392628081695
KS,reference,68,0.9229490637796157
KS,reference,73,0.920640505224415
KS,reference,79,0.9142868196162145
KS,reference,85,0.9042546019756569
KS,reference,92,0.8914298482685676
KS,reference,100,0.9067859612798297
KS,reference,107,0.9298044743510038
KS,reference,116,0.9434361494788687
KS,reference,125,0.9450324495722762
KS,reference,135,0.9467595498455196
KS,reference,146,0.950293415916139
KS,reference,158,0.954690289252348
KS,reference,170,0.9555281013146375
KS,reference,184,0.9573653287248206
KS,reference,198,0.9592054448813235
KS,reference,214,0.9630382087803274
KS,reference,231,0.9669998911323356
KS,reference,249,0.9691837220261483
KS,reference,269,0.9708150517068587
KS,reference,291,0.9718103920817601
KS,reference,314,0.9729286335238895
KS,reference,339,0.9739060492716877
KS,reference,366,0.9747863185803644
KS,reference,395,0.9757068434972245
KS,reference,426,0.9753405480572587
KS,reference,460,0.9754279493369253
KS,reference,497,0.9731400802408259
KS,reference,536,0.9704153272006426
KS,reference,579,0.9723751495782514
KS,reference,625,0.9773162276977462
KS,reference,675,0.9788851098365915
KS,reference,728,0.9796396799915595
KS,reference,786,0.9776317551325698
KS,reference,849,0.9765711905513946
KS,reference,916,0.9785951473101903
KS,reference,989,0.9800759556807916
KS,reference,1068,0.9813796343555703
KS,reference,1153,0.9820949818977446
KS,reference,1245,0.9835015203779284
KS,reference,1344,0.9841367470193725
KS,reference,1450,0.9835706643833753
KS,reference,1566,0.9820588897845796
KS,reference,1690,0.9777828013671088
KS,reference,1825,0.9708913893351565
KS,reference,1970,0.9670301827858391
KS,reference,2127,0.9690891060427257
KS,reference,2296,0.971182590583466
KS,reference,2478,0.9707823176354661
KS,reference,2675,0.9702982522777912
KS,reference,2888,0.9690946878268216
KS,reference,3118,0.9720931069556416
KS,reference,3366,0.9706988919463327
KS,reference,3634,0.9701171554910444
KS,reference,3923,0.9648060852283624
KS,reference,4235,0.9639614459011951
KS,reference,4572,0.9708227028350894
KS,reference,4750,0.9725734287277196
KS,central90,50,0.9302919066137184
KS,central90,54,0.9481579723217795
KS,central90,58,0.9285103693478213
KS,central90,63,0.9224742886346106
KS,central90,68,0.9239804630414273
KS,central90,73,0.9240943457433449
KS,central90,79,0.9154578416148063
KS,central90,86,0.9000490584240928
KS,central90,92,0.89036042306843
KS,central90,100,0.9061368317093622
KS,central90,108,0.9279243268456588
KS,central90,116,0.9390927010498813
KS,central90,126,0.9436492262369837
KS,central90,136,0.9472886875098921
KS,central90,146,0.9507676647087666
KS,central90,158,0.9530138365872446
KS,central90,171,0.95272326789541
KS,central90,184,0.9549139311022388
KS,central90,199,0.9605808983042644
KS,central90,215,0.9656920651235609
KS,central90,232,0.9678650400418328
KS,central90,250,0.9690475432846718
KS,central90,270,0.9708071177792543
KS,central90,292,0.9718646080582577
KS,central90,315,0.9730372322288112
KS,central90,340,0.9737742678472384
KS,central90,367,0.9747330735510165
KS,central90,397,0.9753805138179364
KS,central90,428,0.9749983141222706
KS,central90,462,0.974672680679554
KS,central90,499,0.9721764188254401
KS,central90,539,0.9691678924020113
KS,central90,582,0.9718931296615505
KS,central90,628,0.9762409971158601
KS,central90,678,0.9780884339527357
KS,central90,733,0.9784136883249297
KS,central90,791,0.9758390878785406
KS,central90,854,0.9751273728445563
KS,central90,922,0.9782543321821556
KS,central90,996,0.9791801735763499
KS,central90,1075,0.9805681298939524
KS,central90,1161,0.982516165989292
KS,central90,1253,0.9830641860846517
KS,central90,1353,0.9824295092642321
KS,central90,1461,0.9807044097867299
KS,central90,1577,0.9760899395701232
KS,central90,1703,0.9709232864301842
KS,central90,1839,0.9567989636563916
KS,central90,1985,0.9492591702956892
KS,central90,2144,0.9564053536743478
KS,central90,2315,0.9655302888153221
KS,central90,2499,0.9731182113433154
KS,central90,2698,0.9742572904501082
KS,central90,2913,0.9750735249852883
KS,central90,3146,0.973298278088332
KS,central90,3396,0.9695314409555884
KS,central90,3667,0.9659717898917783
KS,central90,3959,0.9638888716618407
KS,central90,4275,0.9440616325824058
ADK,reference,50,0.9623327092981204
ADK,reference,54,0.970148742623991
ADK,reference,58,0.9625866500319338
ADK,reference,63,0.9612464943578268
ADK,reference,68,0.961416856617118
ADK,reference,73,0.960845079731737
ADK,reference,79,0.9603021272904795
ADK,reference,86,0.9603712206031938
ADK,reference,92,0.9608332528358009
ADK,reference,100,0.9617656184553198
ADK,reference,108,0.9617554035627106
ADK,reference,116,0.9619212168779927
ADK,reference,126,0.964177623383022
ADK,reference,136,0.9662654096574882
ADK,reference,146,0.9663845019936156
ADK,reference,158,0.9658963327139669
ADK,reference,171,0.965722093878239
ADK,reference,184,0.9651163138405914
ADK,reference,199,0.9643038645415252
ADK,reference,215,0.9622581204953148
ADK,reference,232,0.9623620796826714
ADK,reference,251,0.9630192652047227
ADK,reference,271,0.9633316419090877
ADK,reference,292,0.9633024512969985
ADK,reference,315,0.9625103204587617
ADK,reference,341,0.9598453445424489
ADK,reference,368,0.9575661169909339
ADK,reference,397,0.9559726347284143
ADK,reference,429,0.9554878867842866
ADK,reference,463,0.9550182185455721
ADK,reference,500,0.95653553224133
ADK,reference,540,0.9578837664216245
ADK,reference,583,0.9581876964316794
ADK,reference,629,0.9580698360480394
ADK,reference,680,0.9589527431485685
ADK,reference,734,0.9608719452931775
ADK,reference,792,0.9619331367483561
ADK,reference,856,0.9635081456310381
ADK,reference,924,0.965220686377185
ADK,reference,998,0.9659655622264413
ADK,reference,1077,0.9689549090758177
ADK,reference,1163,0.9767526112154815
ADK,reference,1256,0.9843984920593569
ADK,reference,1356,0.9892410334365406
ADK,reference,1464,0.9911340478212914
ADK,reference,1581,0.9918446351218011
ADK,reference,1707,0.9919908004013904
ADK,reference,1843,0.9918585868770975
ADK,reference,1991,0.9915761463907773
ADK,reference,2149,0.9915049634005072
ADK,reference,2321,0.9913907078434815
ADK,reference,2506,0.9906909589196992
ADK,reference,2706,0.9904122080944978
ADK,reference,2922,0.9916212426464566
ADK,reference,3155,0.991090271652614
ADK,reference,3406,0.9907422487359617
ADK,reference,3678,0.9866263901635257
ADK,reference,3972,0.9780125999391646
ADK,reference,4288,0.9728994498833429
ADK,reference,4631,0.9787891583983609
ADK,reference,5000,0.9708537649984211
ADK,central90,50,0.9567909357597697
ADK,central90,54,0.965192737323075
ADK,central90,58,0.9569314207866093
ADK,central90,63,0.953398123046603
ADK,central90,68,0.9522404814786845
ADK,central90,73,0.9532403059376634
ADK,central90,79,0.953758960722146
ADK,central90,85,0.9546550602541802
ADK,central90,92,0.9557999733927038
ADK,central90,99,0.9555729792468138
ADK,central90,107,0.9560844838578227
ADK,central90,116,0.9548434502473265
ADK,central90,125,0.957524650783612
ADK,central90,135,0.9594128701009033
ADK,central90,145,0.9597276057102815
ADK,central90,157,0.9585447239204736
ADK,central90,169,0.9574042277653776
ADK,central90,183,0.9564921712542054
ADK,central90,197,0.9555314895501112
ADK,central90,213,0.9548778905226571
ADK,central90,230,0.9556388241700843
ADK,central90,248,0.9564919143730172
ADK,central90,268,0.95630207497551
ADK,central90,289,0.9564779889473165
ADK,central90,312,0.955003722758339
ADK,central90,337,0.9522563174564574
ADK,central90,363,0.9503726116464806
ADK,central90,392,0.9484685901453235
ADK,central90,423,0.9476210741813152
ADK,central90,457,0.9463429826232833
ADK,central90,493,0.9490578555105877
ADK,central90,532,0.9516254718941463
ADK,central90,574,0.9520438210831332
ADK,central90,619,0.9519168687256598
ADK,central90,669,0.9528856430138254
ADK,central90,722,0.9547262004372636
ADK,central90,779,0.9553548291843866
ADK,central90,840,0.9556375767387849
ADK,central90,907,0.9570092895359518
ADK,central90,979,0.9563093594584159
ADK,central90,1057,0.9580247272616476
ADK,central90,1140,0.9607962491379813
ADK,central90,1231,0.9637347699824615
ADK,central90,1328,0.9638581720057088
ADK,central90,1433,0.9653884402387704
ADK,central90,1547,0.9689364825248226
ADK,central90,1670,0.9772381882145866
ADK,central90,1802,0.9830938873703153
ADK,central90,1945,0.9866779761671312
ADK,central90,2099,0.9878760849059296
ADK,central90,2265,0.9881938337769092
ADK,central90,2445,0.9884788008662102
ADK,central90,2638,0.9913522322263063
ADK,central90,2848,0.9933868039475898
ADK,central90,3073,0.9939936859288
ADK,central90,3317,0.9939691134588784
ADK,central90,3580,0.9903395602547037
ADK,central90,3863,0.9840811089601325
ADK,central90,4170,0.9783309007052755
ADK,central90,4500,0.9645211310668433
